time,temp,hum
20170809 19:01:51,27.0,57.0
20170809 19:02:52,26.0,58.0
20170809 19:03:57,26.0,56.0
20170809 19:04:58,26.0,56.0
20170809 19:06:16,26.0,55.0
20170809 19:07:32,26.0,54.0
20170809 19:08:37,26.0,55.0
20170809 19:09:40,26.0,55.0
20170809 19:10:41,26.0,55.0
20170809 19:11:44,26.0,55.0
20170809 19:12:45,26.0,55.0
20170809 19:13:45,26.0,55.0
20170809 19:14:51,26.0,55.0
20170809 19:15:51,26.0,55.0
20170809 19:16:54,26.0,55.0
20170809 19:17:57,26.0,55.0
20170809 19:19:08,26.0,55.0
20170809 19:20:09,26.0,55.0
20170809 19:21:12,26.0,56.0
20170809 19:22:17,26.0,55.0
20170809 19:23:20,26.0,56.0
20170809 19:24:21,26.0,55.0
20170809 19:25:22,26.0,56.0
20170809 19:26:27,26.0,55.0
20170809 19:27:28,26.0,55.0
20170809 19:28:36,26.0,55.0
20170809 19:29:36,26.0,55.0
20170809 19:30:45,26.0,55.0
20170809 19:31:45,26.0,55.0
20170809 19:32:46,26.0,55.0
20170809 19:33:49,26.0,55.0
20170809 19:34:52,26.0,55.0
20170809 19:35:52,26.0,54.0
20170809 19:36:58,26.0,56.0
20170809 19:37:59,27.0,54.0
20170809 19:39:02,26.0,55.0
20170809 19:40:02,27.0,53.0
20170809 19:41:03,26.0,54.0
20170809 19:42:03,27.0,53.0
20170809 19:43:06,27.0,52.0
20170809 19:44:07,26.0,51.0
20170809 19:45:10,26.0,52.0
20170809 19:46:11,27.0,50.0
20170809 19:47:11,27.0,50.0
20170809 19:48:17,27.0,47.0
20170809 19:49:17,27.0,47.0
20170809 19:50:18,27.0,48.0
20170809 19:51:26,27.0,47.0
20170809 19:52:27,27.0,47.0
20170809 19:53:27,27.0,47.0
20170809 19:54:30,27.0,47.0
20170809 19:55:33,26.0,47.0
20170809 19:56:34,27.0,46.0
20170809 19:57:35,27.0,46.0
20170809 19:58:40,27.0,46.0
20170809 19:59:46,27.0,46.0
20170809 20:00:46,27.0,46.0
20170809 20:01:52,27.0,46.0
20170809 20:02:55,27.0,46.0
20170809 20:03:56,27.0,46.0
20170809 20:04:56,27.0,46.0
20170809 20:05:57,27.0,46.0
20170809 20:06:57,27.0,46.0
20170809 20:08:00,27.0,46.0
20170809 20:09:09,27.0,45.0
20170809 20:10:09,27.0,45.0
20170809 20:11:25,27.0,45.0
20170809 20:12:25,27.0,45.0
20170809 20:13:29,27.0,44.0
20170809 20:14:29,26.0,44.0
20170809 20:15:32,27.0,43.0
20170809 20:16:38,27.0,41.0
20170809 20:17:38,27.0,41.0
20170809 20:18:41,27.0,40.0
20170809 20:19:42,26.0,41.0
20170809 20:20:45,26.0,42.0
20170809 20:21:48,26.0,41.0
20170809 20:22:51,26.0,41.0
20170809 20:23:54,27.0,40.0
20170809 20:24:57,27.0,40.0
20170809 20:25:58,26.0,40.0
20170809 20:27:01,27.0,40.0
20170809 20:28:02,27.0,41.0
20170809 20:29:02,27.0,40.0
20170809 20:30:08,27.0,41.0
20170809 20:31:08,27.0,41.0
20170809 20:32:09,27.0,42.0
20170809 20:33:12,27.0,42.0
20170809 20:34:15,27.0,42.0
20170809 20:35:26,27.0,42.0
20170809 20:36:26,27.0,42.0
20170809 20:37:27,27.0,42.0
20170809 20:38:30,26.0,44.0
20170809 20:39:31,26.0,43.0
20170809 20:40:31,27.0,43.0
20170809 20:41:32,26.0,44.0
20170809 20:42:32,26.0,44.0
20170809 20:43:35,26.0,45.0
20170809 20:44:36,26.0,44.0
20170809 20:45:37,26.0,45.0
20170809 20:46:37,26.0,45.0
20170809 20:47:43,26.0,45.0
20170809 20:48:43,26.0,44.0
20170809 20:49:44,26.0,45.0
20170809 20:50:52,26.0,45.0
20170809 20:51:53,26.0,45.0
20170809 20:53:01,26.0,45.0
20170809 20:54:04,26.0,46.0
20170809 20:55:07,26.0,46.0
20170809 20:56:07,26.0,46.0
20170809 20:57:08,26.0,46.0
20170809 20:58:14,26.0,46.0
20170809 20:59:14,26.0,46.0
20170809 21:00:25,26.0,46.0
20170809 21:01:28,26.0,46.0
20170809 21:02:36,26.0,46.0
20170809 21:03:37,26.0,46.0
20170809 21:04:42,26.0,46.0
20170809 21:05:50,26.0,46.0
20170809 21:06:51,26.0,46.0
20170809 21:07:57,26.0,46.0
20170809 21:08:57,26.0,46.0
20170809 21:10:00,26.0,47.0
20170809 21:11:11,26.0,46.0
20170809 21:12:11,26.0,46.0
20170809 21:13:19,26.0,46.0
20170809 21:14:25,26.0,47.0
20170809 21:15:28,26.0,47.0
20170809 21:16:29,26.0,47.0
20170809 21:17:29,26.0,47.0
20170809 21:18:30,26.0,46.0
20170809 21:19:33,26.0,47.0
20170809 21:20:36,26.0,47.0
20170809 21:21:39,26.0,47.0
20170809 21:22:40,26.0,47.0
20170809 21:23:40,26.0,47.0
20170809 21:24:46,26.0,47.0
20170809 21:25:54,26.0,47.0
20170809 21:26:55,26.0,47.0
20170809 21:27:58,26.0,47.0
20170809 21:28:58,26.0,46.0
20170809 21:29:59,26.0,47.0
20170809 21:31:02,26.0,48.0
20170809 21:32:02,26.0,47.0
20170809 21:33:03,26.0,48.0
20170809 21:34:11,26.0,47.0
20170809 21:35:12,26.0,47.0
20170809 21:36:17,26.0,47.0
20170809 21:37:20,26.0,48.0
20170809 21:38:21,26.0,47.0
20170809 21:39:22,26.0,48.0
20170809 21:40:22,26.0,48.0
20170809 21:41:23,26.0,48.0
20170809 21:42:23,26.0,48.0
20170809 21:43:24,26.0,48.0
20170809 21:44:24,26.0,48.0
20170809 21:45:28,26.0,48.0
20170809 21:46:28,26.0,47.0
20170809 21:47:29,26.0,48.0
20170809 21:48:34,26.0,48.0
20170809 21:49:35,26.0,48.0
20170809 21:50:35,26.0,48.0
20170809 21:51:39,26.0,48.0
20170809 21:52:47,26.0,48.0
20170809 21:53:47,26.0,47.0
20170809 21:54:48,26.0,48.0
20170809 21:55:51,26.0,48.0
20170809 21:56:52,26.0,48.0
20170809 21:57:52,26.0,48.0
20170809 21:58:53,26.0,48.0
20170809 21:59:53,26.0,48.0
20170809 22:01:01,26.0,48.0
20170809 22:02:02,26.0,48.0
20170809 22:03:03,26.0,48.0
20170809 22:04:08,26.0,48.0
20170809 22:05:09,26.0,48.0
20170809 22:06:12,26.0,48.0
20170809 22:07:15,26.0,48.0
20170809 22:08:18,26.0,48.0
20170809 22:09:19,26.0,48.0
20170809 22:10:19,26.0,48.0
20170809 22:11:25,26.0,47.0
20170809 22:12:25,26.0,48.0
20170809 22:13:31,26.0,48.0
20170809 22:14:32,26.0,48.0
20170809 22:15:32,26.0,48.0
20170809 22:16:33,26.0,48.0
20170809 22:17:33,26.0,47.0
20170809 22:18:34,26.0,48.0
20170809 22:19:37,26.0,48.0
20170809 22:20:38,26.0,48.0
20170809 22:21:41,26.0,48.0
20170809 22:22:41,26.0,47.0
20170809 22:23:42,26.0,48.0
20170809 22:24:45,26.0,48.0
20170809 22:25:48,26.0,48.0
20170809 22:26:51,26.0,48.0
20170809 22:27:52,26.0,48.0
20170809 22:28:52,26.0,48.0
20170809 22:29:53,26.0,48.0
20170809 22:30:56,26.0,48.0
20170809 22:31:56,26.0,48.0
20170809 22:32:57,26.0,48.0
20170809 22:33:58,26.0,48.0
20170809 22:34:58,26.0,48.0
20170809 22:35:59,26.0,48.0
20170809 22:37:02,26.0,48.0
20170809 22:38:05,26.0,48.0
20170809 22:39:06,26.0,48.0
20170809 22:40:06,26.0,48.0
20170809 22:41:09,26.0,48.0
20170809 22:42:12,26.0,48.0
20170809 22:43:13,26.0,48.0
20170809 22:44:13,26.0,48.0
20170809 22:45:14,26.0,48.0
20170809 22:46:15,26.0,48.0
20170809 22:47:15,26.0,48.0
20170809 22:48:16,26.0,48.0
20170809 22:49:19,26.0,48.0
20170809 22:50:22,26.0,48.0
20170809 22:51:23,26.0,48.0
20170809 22:52:23,26.0,48.0
20170809 22:53:24,26.0,48.0
20170809 22:54:27,26.0,48.0
20170809 22:55:27,26.0,48.0
20170809 22:56:31,26.0,48.0
20170809 22:57:31,26.0,48.0
20170809 22:58:32,26.0,48.0
20170809 22:59:45,26.0,48.0
20170809 23:00:46,26.0,48.0
20170809 23:01:46,26.0,48.0
20170809 23:02:47,26.0,48.0
20170809 23:03:47,26.0,48.0
20170809 23:04:50,26.0,48.0
20170809 23:05:51,26.0,48.0
20170809 23:06:54,26.0,48.0
20170809 23:07:57,26.0,48.0
20170809 23:08:58,26.0,48.0
20170809 23:09:58,26.0,48.0
20170809 23:11:01,26.0,49.0
20170809 23:12:02,26.0,48.0
20170809 23:13:07,26.0,48.0
20170809 23:14:08,26.0,48.0
20170809 23:15:11,26.0,48.0
20170809 23:16:12,26.0,48.0
20170809 23:17:12,26.0,48.0
20170809 23:18:18,26.0,48.0
20170809 23:19:18,26.0,48.0
20170809 23:20:19,26.0,48.0
20170809 23:21:22,26.0,49.0
20170809 23:22:23,26.0,48.0
20170809 23:23:28,26.0,48.0
20170809 23:24:29,26.0,48.0
20170809 23:25:29,26.0,48.0
20170809 23:26:35,26.0,48.0
20170809 23:27:38,26.0,48.0
20170809 23:28:39,26.0,48.0
20170809 23:29:44,26.0,48.0
20170809 23:30:47,26.0,48.0
20170809 23:31:48,26.0,48.0
20170809 23:32:49,26.0,48.0
20170809 23:33:54,26.0,48.0
20170809 23:34:55,26.0,48.0
20170809 23:35:55,26.0,48.0
20170809 23:36:56,26.0,48.0
20170809 23:37:56,26.0,48.0
20170809 23:39:02,26.0,48.0
20170809 23:40:03,26.0,48.0
20170809 23:41:03,26.0,48.0
20170809 23:42:14,26.0,47.0
20170809 23:43:17,26.0,48.0
20170809 23:44:18,26.0,48.0
20170809 23:45:18,26.0,48.0
20170809 23:46:19,26.0,48.0
20170809 23:47:19,26.0,48.0
20170809 23:48:20,26.0,49.0
20170809 23:49:23,26.0,49.0
20170809 23:50:26,26.0,49.0
20170809 23:51:27,26.0,48.0
20170809 23:52:30,26.0,49.0
20170809 23:53:33,26.0,49.0
20170809 23:54:36,26.0,49.0
20170809 23:55:42,26.0,48.0
20170809 23:56:42,26.0,48.0
20170809 23:57:43,26.0,48.0
20170809 23:58:43,26.0,49.0
20170809 23:59:44,26.0,49.0
20170810 00:00:44,26.0,49.0
20170810 00:01:45,26.0,49.0
20170810 00:02:45,26.0,49.0
20170810 00:03:49,26.0,49.0
20170810 00:04:49,26.0,48.0
20170810 00:05:50,26.0,49.0
20170810 00:06:50,26.0,49.0
20170810 00:07:51,26.0,49.0
20170810 00:08:54,26.0,49.0
20170810 00:09:54,26.0,48.0
20170810 00:10:55,26.0,49.0
20170810 00:11:55,26.0,49.0
20170810 00:13:01,26.0,48.0
20170810 00:14:02,26.0,48.0
20170810 00:15:02,26.0,49.0
20170810 00:16:03,26.0,49.0
20170810 00:17:06,26.0,49.0
20170810 00:18:09,26.0,49.0
20170810 00:19:09,26.0,48.0
20170810 00:20:10,26.0,49.0
20170810 00:21:11,26.0,49.0
20170810 00:22:11,26.0,49.0
20170810 00:23:14,26.0,49.0
20170810 00:24:15,26.0,48.0
20170810 00:25:18,26.0,49.0
20170810 00:26:18,26.0,48.0
20170810 00:27:19,26.0,49.0
20170810 00:28:22,26.0,49.0
20170810 00:29:22,26.0,48.0
20170810 00:30:28,26.0,48.0
20170810 00:31:29,26.0,48.0
20170810 00:32:29,26.0,49.0
20170810 00:33:35,26.0,48.0
20170810 00:34:35,26.0,48.0
20170810 00:35:38,26.0,49.0
20170810 00:36:41,26.0,49.0
20170810 00:37:42,26.0,48.0
20170810 00:38:53,26.0,48.0
20170810 00:39:53,26.0,48.0
20170810 00:40:59,26.0,48.0
20170810 00:41:59,26.0,48.0
20170810 00:43:00,26.0,49.0
20170810 00:44:06,26.0,48.0
20170810 00:45:06,26.0,48.0
20170810 00:46:07,26.0,49.0
20170810 00:47:12,26.0,48.0
20170810 00:48:23,26.0,48.0
20170810 00:49:24,26.0,48.0
20170810 00:50:24,26.0,49.0
20170810 00:51:27,26.0,49.0
20170810 00:52:28,26.0,48.0
20170810 00:53:36,26.0,48.0
20170810 00:54:37,26.0,48.0
20170810 00:55:40,26.0,49.0
20170810 00:56:48,26.0,48.0
20170810 00:57:48,26.0,48.0
20170810 00:58:54,26.0,48.0
20170810 00:59:54,26.0,48.0
20170810 01:00:58,26.0,49.0
20170810 01:01:58,26.0,48.0
20170810 01:02:59,26.0,49.0
20170810 01:03:59,26.0,49.0
20170810 01:05:00,26.0,48.0
20170810 01:06:00,26.0,49.0
20170810 01:07:04,26.0,49.0
20170810 01:08:07,26.0,49.0
20170810 01:09:07,26.0,48.0
20170810 01:10:10,26.0,49.0
20170810 01:11:16,26.0,48.0
20170810 01:12:21,26.0,48.0
20170810 01:13:22,26.0,48.0
20170810 01:14:25,26.0,49.0
20170810 01:15:26,26.0,48.0
20170810 01:16:31,26.0,48.0
20170810 01:17:47,26.0,48.0
20170810 01:18:48,26.0,48.0
20170810 01:19:56,26.0,48.0
20170810 01:20:59,26.0,49.0
20170810 01:21:59,26.0,48.0
20170810 01:23:00,26.0,49.0
20170810 01:24:06,26.0,48.0
20170810 01:25:06,26.0,48.0
20170810 01:26:09,26.0,49.0
20170810 01:27:10,26.0,48.0
20170810 01:28:18,26.0,48.0
20170810 01:29:18,26.0,48.0
20170810 01:30:19,26.0,49.0
20170810 01:31:20,26.0,48.0
20170810 01:32:20,26.0,49.0
20170810 01:33:21,26.0,49.0
20170810 01:34:21,26.0,49.0
20170810 01:35:22,26.0,49.0
20170810 01:36:22,26.0,49.0
20170810 01:37:23,26.0,48.0
20170810 01:38:29,26.0,48.0
20170810 01:39:34,26.0,48.0
20170810 01:40:40,26.0,48.0
20170810 01:41:40,26.0,48.0
20170810 01:42:41,26.0,48.0
20170810 01:43:47,26.0,48.0
20170810 01:45:05,26.0,48.0
20170810 01:46:05,26.0,48.0
20170810 01:47:06,26.0,48.0
20170810 01:48:07,26.0,48.0
20170810 01:49:10,26.0,49.0
20170810 01:50:10,26.0,48.0
20170810 01:51:11,26.0,49.0
20170810 01:52:11,26.0,49.0
20170810 01:53:12,26.0,49.0
20170810 01:54:15,26.0,49.0
20170810 01:55:26,26.0,48.0
20170810 01:56:26,26.0,48.0
20170810 01:57:27,26.0,48.0
20170810 01:58:27,26.0,48.0
20170810 01:59:28,26.0,49.0
20170810 02:00:36,26.0,48.0
20170810 02:01:39,26.0,48.0
20170810 02:02:40,26.0,48.0
20170810 02:03:40,26.0,48.0
20170810 02:04:41,26.0,48.0
20170810 02:05:44,26.0,48.0
20170810 02:06:44,26.0,48.0
20170810 02:07:45,26.0,48.0
20170810 02:08:56,26.0,48.0
20170810 02:10:01,26.0,48.0
20170810 02:11:02,26.0,48.0
20170810 02:12:05,26.0,48.0
20170810 02:13:08,26.0,48.0
20170810 02:14:11,26.0,48.0
20170810 02:15:14,26.0,48.0
20170810 02:16:15,26.0,48.0
20170810 02:17:25,26.0,48.0
20170810 02:18:26,26.0,48.0
20170810 02:19:29,26.0,48.0
20170810 02:20:30,26.0,48.0
20170810 02:21:33,26.0,48.0
20170810 02:22:36,26.0,48.0
20170810 02:23:36,26.0,48.0
20170810 02:24:39,26.0,48.0
20170810 02:25:45,26.0,48.0
20170810 02:26:46,26.0,48.0
20170810 02:27:49,26.0,48.0
20170810 02:28:52,26.0,48.0
20170810 02:29:52,26.0,48.0
20170810 02:30:56,26.0,48.0
20170810 02:31:56,26.0,48.0
20170810 02:32:57,26.0,48.0
20170810 02:33:57,26.0,48.0
20170810 02:34:58,26.0,48.0
20170810 02:35:58,26.0,48.0
20170810 02:36:59,26.0,48.0
20170810 02:38:00,26.0,48.0
20170810 02:39:03,26.0,48.0
20170810 02:40:13,26.0,48.0
20170810 02:41:14,26.0,48.0
20170810 02:42:14,26.0,48.0
20170810 02:43:15,26.0,48.0
20170810 02:44:16,26.0,48.0
20170810 02:45:29,26.0,48.0
20170810 02:46:32,26.0,48.0
20170810 02:47:32,26.0,48.0
20170810 02:48:36,26.0,48.0
20170810 02:49:44,26.0,48.0
20170810 02:50:49,26.0,48.0
20170810 02:51:50,26.0,48.0
20170810 02:52:50,26.0,48.0
20170810 02:53:56,26.0,48.0
20170810 02:54:57,26.0,48.0
20170810 02:55:57,26.0,48.0
20170810 02:56:58,26.0,48.0
20170810 02:58:03,26.0,48.0
20170810 02:59:22,26.0,48.0
20170810 03:00:22,26.0,48.0
20170810 03:01:23,26.0,48.0
20170810 03:02:28,26.0,47.0
20170810 03:03:29,26.0,48.0
20170810 03:04:29,26.0,48.0
20170810 03:05:30,26.0,48.0
20170810 03:06:33,26.0,48.0
20170810 03:07:36,26.0,48.0
20170810 03:08:42,26.0,48.0
20170810 03:09:47,26.0,48.0
20170810 03:10:48,26.0,48.0
20170810 03:11:48,26.0,48.0
20170810 03:12:49,26.0,47.0
20170810 03:13:50,26.0,48.0
20170810 03:14:53,26.0,48.0
20170810 03:15:56,26.0,48.0
20170810 03:16:56,26.0,48.0
20170810 03:17:59,26.0,48.0
20170810 03:19:13,26.0,48.0
20170810 03:20:13,26.0,48.0
20170810 03:21:14,26.0,48.0
20170810 03:22:14,26.0,47.0
20170810 03:23:15,26.0,48.0
20170810 03:24:15,26.0,48.0
20170810 03:25:19,26.0,48.0
20170810 03:26:19,26.0,48.0
20170810 03:27:30,26.0,48.0
20170810 03:28:43,26.0,48.0
20170810 03:29:44,26.0,48.0
20170810 03:30:44,26.0,48.0
20170810 03:31:45,26.0,48.0
20170810 03:32:45,26.0,48.0
20170810 03:33:48,26.0,48.0
20170810 03:34:49,26.0,48.0
20170810 03:35:49,26.0,48.0
20170810 03:36:50,26.0,48.0
20170810 03:37:51,26.0,48.0
20170810 03:38:51,26.0,48.0
20170810 03:39:54,26.0,48.0
20170810 03:40:55,26.0,48.0
20170810 03:42:06,26.0,48.0
20170810 03:43:06,26.0,48.0
20170810 03:44:07,26.0,48.0
20170810 03:45:10,26.0,48.0
20170810 03:46:10,26.0,48.0
20170810 03:47:13,26.0,48.0
20170810 03:48:14,26.0,48.0
20170810 03:49:17,26.0,48.0
20170810 03:50:18,26.0,48.0
20170810 03:51:21,26.0,48.0
20170810 03:52:21,26.0,48.0
20170810 03:53:22,26.0,48.0
20170810 03:54:22,26.0,48.0
20170810 03:55:23,26.0,48.0
20170810 03:56:29,26.0,48.0
20170810 03:57:37,26.0,48.0
20170810 03:58:37,26.0,48.0
20170810 03:59:40,26.0,48.0
20170810 04:00:46,26.0,48.0
20170810 04:01:49,26.0,48.0
20170810 04:02:50,26.0,48.0
20170810 04:03:53,26.0,48.0
20170810 04:04:56,26.0,48.0
20170810 04:05:56,26.0,48.0
20170810 04:07:02,26.0,48.0
20170810 04:08:03,26.0,48.0
20170810 04:09:03,26.0,48.0
20170810 04:10:06,26.0,48.0
20170810 04:11:07,26.0,48.0
20170810 04:12:07,26.0,48.0
20170810 04:13:08,26.0,48.0
20170810 04:14:14,26.0,48.0
20170810 04:15:14,26.0,47.0
20170810 04:16:17,26.0,48.0
20170810 04:17:20,26.0,48.0
20170810 04:18:21,26.0,48.0
20170810 04:19:22,26.0,48.0
20170810 04:20:25,26.0,48.0
20170810 04:21:25,26.0,48.0
20170810 04:22:26,26.0,48.0
20170810 04:23:29,26.0,48.0
20170810 04:24:32,26.0,48.0
20170810 04:25:33,26.0,48.0
20170810 04:26:33,26.0,48.0
20170810 04:27:34,26.0,48.0
20170810 04:28:34,26.0,48.0
20170810 04:29:45,26.0,48.0
20170810 04:30:46,26.0,48.0
20170810 04:31:49,26.0,48.0
20170810 04:32:49,26.0,48.0
20170810 04:33:50,26.0,48.0
20170810 04:34:50,26.0,48.0
20170810 04:35:53,26.0,48.0
20170810 04:36:57,26.0,48.0
20170810 04:37:57,26.0,48.0
20170810 04:38:58,26.0,48.0
20170810 04:39:58,26.0,48.0
20170810 04:41:01,26.0,48.0
20170810 04:42:02,26.0,48.0
20170810 04:43:03,26.0,48.0
20170810 04:44:03,26.0,48.0
20170810 04:45:06,26.0,48.0
20170810 04:46:07,26.0,48.0
20170810 04:47:12,26.0,47.0
20170810 04:48:15,26.0,47.0
20170810 04:49:16,26.0,47.0
20170810 04:50:17,26.0,46.0
20170810 04:51:20,26.0,46.0
20170810 04:52:20,26.0,46.0
20170810 04:53:21,26.0,46.0
20170810 04:54:21,26.0,46.0
20170810 04:55:22,26.0,45.0
20170810 04:56:25,26.0,45.0
20170810 04:57:26,26.0,45.0
20170810 04:58:29,26.0,45.0
20170810 04:59:34,26.0,44.0
20170810 05:00:35,26.0,44.0
20170810 05:01:36,26.0,45.0
20170810 05:02:39,26.0,44.0
20170810 05:03:39,26.0,44.0
20170810 05:04:45,26.0,44.0
20170810 05:05:45,26.0,44.0
20170810 05:06:49,26.0,44.0
20170810 05:07:57,26.0,43.0
20170810 05:08:57,26.0,43.0
20170810 05:10:00,26.0,43.0
20170810 05:11:01,26.0,43.0
20170810 05:12:04,26.0,43.0
20170810 05:13:05,26.0,43.0
20170810 05:14:08,26.0,43.0
20170810 05:15:16,26.0,43.0
20170810 05:16:16,26.0,42.0
20170810 05:17:17,26.0,43.0
20170810 05:18:17,26.0,43.0
20170810 05:19:23,26.0,42.0
20170810 05:20:26,26.0,41.0
20170810 05:21:34,26.0,39.0
20170810 05:22:37,26.0,39.0
20170810 05:23:38,26.0,39.0
20170810 05:24:38,26.0,39.0
20170810 05:25:42,25.0,39.0
20170810 05:26:42,25.0,38.0
20170810 05:27:43,25.0,38.0
20170810 05:28:43,25.0,38.0
20170810 05:29:46,25.0,38.0
20170810 05:30:47,25.0,36.0
20170810 05:31:55,25.0,35.0
20170810 05:32:56,25.0,32.0
20170810 05:34:01,25.0,37.0
20170810 05:35:02,25.0,36.0
20170810 05:36:02,25.0,38.0
20170810 05:37:03,25.0,38.0
20170810 05:38:04,25.0,38.0
20170810 05:39:04,25.0,39.0
20170810 05:40:05,25.0,39.0
20170810 05:41:05,25.0,39.0
20170810 05:42:06,25.0,35.0
20170810 05:43:09,25.0,38.0
20170810 05:44:10,25.0,37.0
20170810 05:45:13,25.0,38.0
20170810 05:46:16,25.0,38.0
20170810 05:47:16,25.0,37.0
20170810 05:48:25,25.0,39.0
20170810 05:49:33,25.0,38.0
20170810 05:50:33,25.0,37.0
20170810 05:51:46,25.0,36.0
20170810 05:52:47,25.0,37.0
20170810 05:53:48,25.0,33.0
20170810 05:54:53,25.0,36.0
20170810 05:55:54,25.0,36.0
20170810 05:56:54,25.0,38.0
20170810 05:58:00,25.0,39.0
20170810 05:59:03,25.0,40.0
20170810 06:00:09,25.0,39.0
20170810 06:01:09,25.0,39.0
20170810 06:02:10,25.0,39.0
20170810 06:03:13,25.0,40.0
20170810 06:04:13,25.0,39.0
20170810 06:05:14,26.0,40.0
20170810 06:06:17,26.0,40.0
20170810 06:07:18,26.0,39.0
20170810 06:08:18,26.0,40.0
20170810 06:09:31,26.0,39.0
20170810 06:10:32,26.0,39.0
20170810 06:11:32,26.0,40.0
20170810 06:12:33,26.0,41.0
20170810 06:13:36,26.0,41.0
20170810 06:14:39,26.0,40.0
20170810 06:15:40,26.0,41.0
20170810 06:16:40,26.0,41.0
20170810 06:17:41,26.0,41.0
20170810 06:18:44,26.0,42.0
20170810 06:19:45,26.0,41.0
20170810 06:20:45,26.0,42.0
20170810 06:21:46,26.0,42.0
20170810 06:22:51,26.0,42.0
20170810 06:23:52,26.0,42.0
20170810 06:25:00,26.0,42.0
20170810 06:26:23,26.0,42.0
20170810 06:27:27,13.0,149.0
20170810 06:28:27,26.0,42.0
20170810 06:29:28,26.0,43.0
20170810 06:30:28,26.0,43.0
20170810 06:31:29,26.0,43.0
20170810 06:32:29,26.0,43.0
20170810 06:33:30,26.0,43.0
20170810 06:34:33,26.0,43.0
20170810 06:35:36,26.0,43.0
20170810 06:36:37,26.0,43.0
20170810 06:37:42,26.0,43.0
20170810 06:38:45,26.0,43.0
20170810 06:39:48,26.0,43.0
20170810 06:40:54,26.0,43.0
20170810 06:41:55,26.0,42.0
20170810 06:42:55,26.0,43.0
20170810 06:43:56,26.0,43.0
20170810 06:44:56,26.0,43.0
20170810 06:46:02,26.0,43.0
20170810 06:47:02,26.0,43.0
20170810 06:48:05,26.0,44.0
20170810 06:49:06,26.0,43.0
20170810 06:50:07,26.0,44.0
20170810 06:51:07,26.0,44.0
20170810 06:52:08,26.0,43.0
20170810 06:53:13,26.0,44.0
20170810 06:54:14,26.0,44.0
20170810 06:55:14,26.0,44.0
20170810 06:56:18,26.0,44.0
20170810 06:57:21,26.0,44.0
20170810 06:58:24,26.0,44.0
20170810 06:59:27,26.0,44.0
20170810 07:00:35,26.0,44.0
20170810 07:01:36,26.0,44.0
20170810 07:02:36,26.0,44.0
20170810 07:03:37,26.0,44.0
20170810 07:04:37,26.0,44.0
20170810 07:05:38,26.0,44.0
20170810 07:06:38,26.0,44.0
20170810 07:07:39,26.0,45.0
20170810 07:08:42,26.0,44.0
20170810 07:09:48,26.0,44.0
20170810 07:10:48,26.0,44.0
20170810 07:11:51,26.0,45.0
20170810 07:12:52,26.0,44.0
20170810 07:13:58,26.0,44.0
20170810 07:15:03,26.0,44.0
20170810 07:16:04,26.0,44.0
20170810 07:17:09,26.0,44.0
20170810 07:18:10,26.0,44.0
20170810 07:19:13,26.0,45.0
20170810 07:20:26,26.0,44.0
20170810 07:21:27,26.0,44.0
20170810 07:22:30,26.0,45.0
20170810 07:23:33,26.0,45.0
20170810 07:24:39,26.0,45.0
20170810 07:25:39,26.0,45.0
20170810 07:26:40,26.0,45.0
20170810 07:27:48,26.0,45.0
20170810 07:28:56,26.0,45.0
20170810 07:29:57,26.0,45.0
20170810 07:31:00,26.0,45.0
20170810 07:32:00,26.0,45.0
20170810 07:33:01,26.0,45.0
20170810 07:34:06,26.0,45.0
20170810 07:35:07,26.0,45.0
20170810 07:36:07,26.0,45.0
20170810 07:37:08,26.0,45.0
20170810 07:38:09,26.0,45.0
20170810 07:39:09,26.0,45.0
20170810 07:40:12,26.0,45.0
20170810 07:41:18,26.0,45.0
20170810 07:42:21,26.0,45.0
20170810 07:43:27,26.0,45.0
20170810 07:44:27,26.0,45.0
20170810 07:45:28,26.0,45.0
20170810 07:46:28,26.0,46.0
20170810 07:47:39,26.0,45.0
20170810 07:48:42,26.0,46.0
20170810 07:49:48,26.0,45.0
20170810 07:50:51,26.0,46.0
20170810 07:52:01,26.0,45.0
20170810 07:53:02,26.0,45.0
20170810 07:54:02,26.0,46.0
20170810 07:55:06,26.0,46.0
20170810 07:56:06,26.0,45.0
20170810 07:57:12,26.0,45.0
20170810 07:58:12,26.0,45.0
20170810 07:59:15,26.0,46.0
20170810 08:00:16,26.0,45.0
20170810 08:01:27,26.0,45.0
20170810 08:02:27,26.0,45.0
20170810 08:03:30,26.0,46.0
20170810 08:04:36,26.0,45.0
20170810 08:05:41,26.0,45.0
20170810 08:06:42,26.0,45.0
20170810 08:07:45,26.0,46.0
20170810 08:08:51,26.0,45.0
20170810 08:09:54,26.0,46.0
20170810 08:10:54,26.0,45.0
20170810 08:11:57,26.0,46.0
20170810 08:12:58,26.0,46.0
20170810 08:13:59,26.0,46.0
20170810 08:14:59,26.0,46.0
20170810 08:16:00,26.0,46.0
20170810 08:17:00,26.0,46.0
20170810 08:18:01,26.0,46.0
20170810 08:19:17,26.0,45.0
20170810 08:20:17,26.0,45.0
20170810 08:21:20,26.0,46.0
20170810 08:22:21,26.0,46.0
20170810 08:23:21,26.0,46.0
20170810 08:24:24,26.0,46.0
20170810 08:25:25,26.0,46.0
20170810 08:26:26,26.0,46.0
20170810 08:27:34,26.0,46.0
20170810 08:28:37,26.0,46.0
20170810 08:29:37,26.0,46.0
20170810 08:30:43,26.0,46.0
20170810 08:31:44,26.0,46.0
20170810 08:32:44,26.0,46.0
20170810 08:33:45,26.0,46.0
20170810 08:34:50,26.0,46.0
20170810 08:35:53,26.0,46.0
20170810 08:36:59,26.0,46.0
20170810 08:38:00,26.0,46.0
20170810 08:39:00,26.0,46.0
20170810 08:40:01,26.0,46.0
20170810 08:41:04,26.0,46.0
20170810 08:42:04,26.0,46.0
20170810 08:43:05,26.0,46.0
20170810 08:44:06,26.0,46.0
20170810 08:45:06,26.0,46.0
20170810 08:46:07,26.0,46.0
20170810 08:47:17,26.0,46.0
20170810 08:48:20,26.0,46.0
20170810 08:49:21,26.0,46.0
20170810 08:50:22,26.0,46.0
20170810 08:51:22,26.0,46.0
20170810 08:52:38,26.0,45.0
20170810 08:53:38,26.0,46.0
20170810 08:54:42,26.0,46.0
20170810 08:55:42,26.0,46.0
20170810 08:56:43,26.0,46.0
20170810 08:57:43,26.0,45.0
20170810 08:58:44,26.0,46.0
20170810 08:59:47,26.0,46.0
20170810 09:01:00,26.0,46.0
20170810 09:02:01,26.0,46.0
20170810 09:03:01,26.0,46.0
20170810 09:04:02,26.0,46.0
20170810 09:05:02,26.0,46.0
20170810 09:06:05,26.0,46.0
20170810 09:07:11,26.0,46.0
20170810 09:08:17,26.0,46.0
20170810 09:09:17,26.0,46.0
20170810 09:10:18,26.0,46.0
20170810 09:11:21,26.0,46.0
20170810 09:12:24,26.0,46.0
20170810 09:13:24,26.0,45.0
20170810 09:14:25,26.0,46.0
20170810 09:15:26,26.0,46.0
20170810 09:16:29,26.0,46.0
20170810 09:17:32,26.0,46.0
20170810 09:18:32,26.0,46.0
20170810 09:19:36,26.0,46.0
20170810 09:20:36,26.0,45.0
20170810 09:21:37,26.0,46.0
20170810 09:22:42,26.0,46.0
20170810 09:23:43,26.0,46.0
20170810 09:24:48,26.0,46.0
20170810 09:25:49,26.0,46.0
20170810 09:26:50,26.0,46.0
20170810 09:27:50,26.0,46.0
20170810 09:28:51,26.0,46.0
20170810 09:29:56,26.0,46.0
20170810 09:30:57,26.0,46.0
20170810 09:32:00,26.0,46.0
20170810 09:33:03,26.0,46.0
20170810 09:34:04,26.0,46.0
20170810 09:35:09,26.0,46.0
20170810 09:36:10,26.0,46.0
20170810 09:37:13,26.0,46.0
20170810 09:38:14,26.0,46.0
20170810 09:39:14,26.0,47.0
20170810 09:40:15,26.0,46.0
20170810 09:41:15,26.0,47.0
20170810 09:42:16,26.0,46.0
20170810 09:43:16,26.0,47.0
20170810 09:44:17,26.0,47.0
20170810 09:45:18,26.0,47.0
20170810 09:46:21,26.0,47.0
20170810 09:47:21,26.0,46.0
20170810 09:48:22,26.0,47.0
20170810 09:49:22,26.0,47.0
20170810 09:50:23,26.0,47.0
20170810 09:51:29,26.0,46.0
20170810 09:52:29,26.0,46.0
20170810 09:53:32,26.0,47.0
20170810 09:54:38,26.0,46.0
20170810 09:55:44,26.0,46.0
20170810 09:56:52,26.0,46.0
20170810 09:58:02,26.0,46.0
20170810 09:59:03,26.0,45.0
20170810 10:00:06,26.0,47.0
20170810 10:01:07,26.0,46.0
20170810 10:02:07,26.0,46.0
20170810 10:03:15,26.0,46.0
20170810 10:04:16,26.0,46.0
20170810 10:05:19,26.0,47.0
20170810 10:06:19,26.0,46.0
20170810 10:07:20,26.0,46.0
20170810 10:08:31,26.0,46.0
20170810 10:09:34,26.0,46.0
20170810 10:10:34,26.0,46.0
20170810 10:11:35,26.0,47.0
20170810 10:12:35,26.0,47.0
20170810 10:13:36,26.0,47.0
20170810 10:14:37,26.0,47.0
20170810 10:15:42,26.0,46.0
20170810 10:16:43,26.0,46.0
20170810 10:17:51,26.0,46.0
20170810 10:18:54,26.0,47.0
20170810 10:19:55,26.0,46.0
20170810 10:20:55,26.0,47.0
20170810 10:21:56,26.0,47.0
20170810 10:23:06,26.0,46.0
20170810 10:24:07,26.0,46.0
20170810 10:25:07,26.0,47.0
20170810 10:26:08,26.0,47.0
20170810 10:27:16,26.0,46.0
20170810 10:28:17,26.0,46.0
20170810 10:29:20,26.0,47.0
20170810 10:30:25,26.0,46.0
20170810 10:31:26,26.0,46.0
20170810 10:32:27,26.0,47.0
20170810 10:33:30,26.0,46.0
20170810 10:34:33,26.0,47.0
20170810 10:35:36,26.0,47.0
20170810 10:36:36,26.0,46.0
20170810 10:37:37,26.0,47.0
20170810 10:38:38,26.0,47.0
20170810 10:39:38,26.0,47.0
20170810 10:40:39,26.0,46.0
20170810 10:41:42,26.0,47.0
20170810 10:42:42,26.0,46.0
20170810 10:43:43,26.0,47.0
20170810 10:44:44,26.0,47.0
20170810 10:45:44,26.0,47.0
20170810 10:46:50,26.0,46.0
20170810 10:47:50,26.0,46.0
20170810 10:48:51,26.0,47.0
20170810 10:49:51,26.0,47.0
20170810 10:50:52,26.0,47.0
20170810 10:51:53,26.0,47.0
20170810 10:52:56,26.0,47.0
20170810 10:53:59,26.0,47.0
20170810 10:55:02,26.0,46.0
20170810 10:56:10,26.0,46.0
20170810 10:57:11,26.0,46.0
20170810 10:58:11,26.0,47.0
20170810 10:59:19,26.0,46.0
20170810 11:00:22,26.0,47.0
20170810 11:01:28,26.0,46.0
20170810 11:02:29,26.0,46.0
20170810 11:03:29,26.0,47.0
20170810 11:04:32,26.0,47.0
20170810 11:05:35,26.0,47.0
20170810 11:06:36,26.0,46.0
20170810 11:07:36,26.0,47.0
20170810 11:08:37,26.0,47.0
20170810 11:09:38,26.0,47.0
20170810 11:10:38,26.0,47.0
20170810 11:11:39,26.0,47.0
20170810 11:12:39,26.0,47.0
20170810 11:13:45,26.0,46.0
20170810 11:14:46,26.0,46.0
20170810 11:15:51,26.0,46.0
20170810 11:16:52,26.0,46.0
20170810 11:18:00,26.0,46.0
20170810 11:19:03,26.0,47.0
20170810 11:20:04,26.0,46.0
20170810 11:21:07,26.0,47.0
20170810 11:22:07,26.0,46.0
20170810 11:23:08,26.0,47.0
20170810 11:24:08,26.0,47.0
20170810 11:25:14,26.0,46.0
20170810 11:26:15,26.0,46.0
20170810 11:27:18,26.0,47.0
20170810 11:28:18,26.0,46.0
20170810 11:29:21,26.0,47.0
20170810 11:30:24,26.0,47.0
20170810 11:31:25,26.0,46.0
20170810 11:32:28,26.0,47.0
20170810 11:33:36,26.0,46.0
20170810 11:34:42,26.0,46.0
20170810 11:35:42,26.0,46.0
20170810 11:36:43,26.0,47.0
20170810 11:37:44,26.0,47.0
20170810 11:38:47,26.0,47.0
20170810 11:39:47,26.0,46.0
20170810 11:40:48,26.0,47.0
20170810 11:41:51,26.0,47.0
20170810 11:42:51,26.0,46.0
20170810 11:44:02,26.0,46.0
20170810 11:45:03,26.0,46.0
20170810 11:46:06,26.0,47.0
20170810 11:47:06,26.0,46.0
20170810 11:48:14,26.0,46.0
20170810 11:49:15,26.0,46.0
20170810 11:50:18,26.0,47.0
20170810 11:51:24,26.0,46.0
20170810 11:52:29,26.0,46.0
20170810 11:53:32,26.0,47.0
20170810 11:54:33,26.0,46.0
20170810 11:55:33,26.0,47.0
20170810 11:56:34,26.0,47.0
20170810 11:57:42,26.0,46.0
20170810 11:58:43,26.0,46.0
20170810 11:59:43,26.0,47.0
20170810 12:00:44,26.0,47.0
20170810 12:01:44,26.0,47.0
20170810 12:02:48,26.0,47.0
20170810 12:03:56,26.0,46.0
20170810 12:04:56,26.0,46.0
20170810 12:05:57,26.0,47.0
20170810 12:06:57,26.0,47.0
20170810 12:08:06,26.0,46.0
20170810 12:09:09,26.0,47.0
20170810 12:10:09,26.0,46.0
20170810 12:11:17,26.0,46.0
20170810 12:12:18,26.0,46.0
20170810 12:13:19,26.0,47.0
20170810 12:14:22,26.0,47.0
20170810 12:15:22,26.0,46.0
20170810 12:16:23,26.0,47.0
20170810 12:17:26,26.0,47.0
20170810 12:18:26,26.0,47.0
20170810 12:19:30,26.0,47.0
20170810 12:20:30,26.0,46.0
20170810 12:21:31,26.0,47.0
20170810 12:22:31,26.0,47.0
20170810 12:23:32,26.0,47.0
20170810 12:24:37,26.0,47.0
20170810 12:25:38,26.0,46.0
20170810 12:26:39,26.0,47.0
20170810 12:27:39,26.0,47.0
20170810 12:28:40,26.0,47.0
20170810 12:29:40,26.0,47.0
20170810 12:30:43,26.0,47.0
20170810 12:31:47,26.0,47.0
20170810 12:32:47,26.0,47.0
20170810 12:33:48,26.0,47.0
20170810 12:34:48,26.0,47.0
20170810 12:35:49,26.0,47.0
20170810 12:36:49,26.0,47.0
20170810 12:37:53,26.0,47.0
20170810 12:38:56,26.0,47.0
20170810 12:39:56,26.0,46.0
20170810 12:40:57,26.0,47.0
20170810 12:42:00,26.0,47.0
20170810 12:43:00,26.0,47.0
20170810 12:44:01,26.0,47.0
20170810 12:45:07,26.0,47.0
20170810 12:46:15,26.0,46.0
20170810 12:47:20,26.0,47.0
20170810 12:48:23,26.0,47.0
20170810 12:49:24,26.0,47.0
20170810 12:50:25,26.0,47.0
20170810 12:51:25,26.0,47.0
20170810 12:52:26,26.0,47.0
20170810 12:53:34,26.0,46.0
20170810 12:54:37,26.0,47.0
20170810 12:55:37,26.0,46.0
20170810 12:56:38,26.0,47.0
20170810 12:57:41,26.0,47.0
20170810 12:58:49,26.0,47.0
20170810 12:59:52,26.0,47.0
20170810 13:00:58,26.0,46.0
20170810 13:01:59,26.0,46.0
20170810 13:03:02,26.0,47.0
20170810 13:04:02,26.0,47.0
20170810 13:05:03,26.0,47.0
20170810 13:06:03,26.0,47.0
20170810 13:07:06,26.0,47.0
20170810 13:08:10,26.0,47.0
20170810 13:09:15,26.0,47.0
20170810 13:10:26,26.0,46.0
20170810 13:11:26,26.0,46.0
20170810 13:12:27,26.0,47.0
20170810 13:13:28,26.0,47.0
20170810 13:14:28,26.0,47.0
20170810 13:15:31,26.0,47.0
20170810 13:16:34,26.0,47.0
20170810 13:17:37,26.0,47.0
20170810 13:18:38,26.0,47.0
20170810 13:19:46,26.0,47.0
20170810 13:20:49,26.0,47.0
20170810 13:21:52,26.0,47.0
20170810 13:22:55,26.0,47.0
20170810 13:24:04,26.0,47.0
20170810 13:25:07,26.0,47.0
20170810 13:26:10,26.0,47.0
20170810 13:27:13,26.0,47.0
20170810 13:28:13,26.0,47.0
20170810 13:29:14,26.0,47.0
20170810 13:30:19,26.0,47.0
20170810 13:31:28,26.0,47.0
20170810 13:32:33,26.0,47.0
20170810 13:33:36,26.0,47.0
20170810 13:34:37,26.0,47.0
20170810 13:35:37,26.0,47.0
20170810 13:36:43,26.0,47.0
20170810 13:37:44,26.0,47.0
20170810 13:38:44,26.0,47.0
20170810 13:39:50,26.0,47.0
20170810 13:40:50,26.0,47.0
20170810 13:42:09,26.0,46.0
20170810 13:43:12,26.0,47.0
20170810 13:44:12,26.0,47.0
20170810 13:45:15,26.0,47.0
20170810 13:46:16,26.0,47.0
20170810 13:47:19,26.0,47.0
20170810 13:48:22,26.0,47.0
20170810 13:49:25,26.0,47.0
20170810 13:50:31,26.0,47.0
20170810 13:51:34,26.0,47.0
20170810 13:52:37,26.0,47.0
20170810 13:53:42,26.0,47.0
20170810 13:54:43,26.0,47.0
20170810 13:55:44,26.0,47.0
20170810 13:56:44,26.0,47.0
20170810 13:57:50,26.0,47.0
20170810 13:58:53,26.0,47.0
20170810 13:59:53,26.0,47.0
20170810 14:00:56,26.0,47.0
20170810 14:01:57,26.0,47.0
20170810 14:03:00,26.0,47.0
20170810 14:04:01,26.0,47.0
20170810 14:05:04,26.0,46.0
20170810 14:06:07,26.0,47.0
20170810 14:07:07,26.0,47.0
20170810 14:08:08,26.0,47.0
20170810 14:09:11,26.0,46.0
20170810 14:10:19,26.0,46.0
20170810 14:11:20,26.0,47.0
20170810 14:12:23,26.0,47.0
20170810 14:13:26,26.0,47.0
20170810 14:14:29,26.0,47.0
20170810 14:15:30,26.0,47.0
20170810 14:16:30,26.0,47.0
20170810 14:17:38,26.0,47.0
20170810 14:18:39,26.0,47.0
20170810 14:19:40,26.0,47.0
20170810 14:20:40,26.0,47.0
20170810 14:21:43,26.0,47.0
20170810 14:22:46,26.0,47.0
20170810 14:23:47,26.0,47.0
20170810 14:24:47,26.0,47.0
20170810 14:25:53,26.0,47.0
20170810 14:26:54,26.0,47.0
20170810 14:27:57,26.0,47.0
20170810 14:28:57,26.0,47.0
20170810 14:30:00,26.0,47.0
20170810 14:31:09,26.0,46.0
20170810 14:32:09,26.0,47.0
20170810 14:33:15,26.0,47.0
20170810 14:34:28,26.0,47.0
20170810 14:35:28,26.0,47.0
20170810 14:36:34,26.0,47.0
20170810 14:37:35,26.0,47.0
20170810 14:38:35,26.0,47.0
20170810 14:39:36,26.0,47.0
20170810 14:40:39,26.0,47.0
20170810 14:41:42,26.0,47.0
20170810 14:42:42,26.0,47.0
20170810 14:43:43,26.0,46.0
20170810 14:44:44,26.0,47.0
20170810 14:45:44,26.0,47.0
20170810 14:46:50,26.0,47.0
20170810 14:48:11,26.0,47.0
20170810 14:49:11,26.0,47.0
20170810 14:50:19,26.0,47.0
20170810 14:51:25,26.0,47.0
20170810 14:52:25,26.0,47.0
20170810 14:53:26,26.0,47.0
20170810 14:54:26,26.0,47.0
20170810 14:55:35,26.0,47.0
20170810 14:56:40,26.0,47.0
20170810 14:57:41,26.0,47.0
20170810 14:58:46,26.0,47.0
20170810 14:59:47,26.0,47.0
20170810 15:00:47,26.0,47.0
20170810 15:01:51,26.0,47.0
20170810 15:02:56,26.0,47.0
20170810 15:03:57,26.0,47.0
20170810 15:04:57,26.0,47.0
20170810 15:06:08,26.0,47.0
20170810 15:07:08,26.0,47.0
20170810 15:08:09,26.0,47.0
20170810 15:09:15,26.0,47.0
20170810 15:10:15,26.0,47.0
20170810 15:11:16,26.0,47.0
20170810 15:12:16,26.0,47.0
20170810 15:13:19,26.0,47.0
20170810 15:14:20,26.0,47.0
20170810 15:15:21,26.0,47.0
20170810 15:16:21,26.0,47.0
20170810 15:17:22,26.0,47.0
20170810 15:18:22,26.0,47.0
20170810 15:19:23,26.0,47.0
20170810 15:20:24,26.0,47.0
20170810 15:21:27,26.0,47.0
20170810 15:22:30,26.0,47.0
20170810 15:23:30,26.0,46.0
20170810 15:24:33,26.0,47.0
20170810 15:25:34,26.0,46.0
20170810 15:26:37,26.0,47.0
20170810 15:27:40,26.0,47.0
20170810 15:28:43,26.0,47.0
20170810 15:29:49,26.0,47.0
20170810 15:30:52,26.0,47.0
20170810 15:32:00,26.0,47.0
20170810 15:33:01,26.0,47.0
20170810 15:34:01,26.0,47.0
20170810 15:35:02,26.0,47.0
20170810 15:36:05,26.0,47.0
20170810 15:37:08,26.0,47.0
20170810 15:38:08,26.0,47.0
20170810 15:39:09,26.0,47.0
20170810 15:40:15,26.0,46.0
20170810 15:41:15,26.0,47.0
20170810 15:42:16,26.0,47.0
20170810 15:43:21,26.0,47.0
20170810 15:44:22,26.0,47.0
20170810 15:45:25,26.0,47.0
20170810 15:46:33,26.0,47.0
20170810 15:47:36,26.0,47.0
20170810 15:48:37,26.0,46.0
20170810 15:49:37,26.0,47.0
20170810 15:50:38,26.0,47.0
20170810 15:51:39,26.0,47.0
20170810 15:52:39,26.0,47.0
20170810 15:53:55,26.0,47.0
20170810 15:54:58,26.0,47.0
20170810 15:56:06,26.0,47.0
20170810 15:57:09,26.0,47.0
20170810 15:58:12,26.0,47.0
20170810 15:59:15,26.0,47.0
20170810 16:00:16,26.0,47.0
20170810 16:01:19,26.0,47.0
20170810 16:02:22,26.0,47.0
20170810 16:03:23,26.0,47.0
20170810 16:04:23,26.0,47.0
20170810 16:05:29,26.0,46.0
20170810 16:06:29,26.0,47.0
20170810 16:07:43,26.0,47.0
20170810 16:08:43,26.0,47.0
20170810 16:09:44,26.0,47.0
20170810 16:10:49,26.0,47.0
20170810 16:11:50,26.0,47.0
20170810 16:12:50,26.0,47.0
20170810 16:13:51,26.0,47.0
20170810 16:14:52,26.0,46.0
20170810 16:15:55,26.0,47.0
20170810 16:17:00,26.0,47.0
20170810 16:18:03,26.0,47.0
20170810 16:19:04,26.0,47.0
20170810 16:20:07,26.0,47.0
20170810 16:21:08,26.0,47.0
20170810 16:22:08,26.0,47.0
20170810 16:23:14,26.0,47.0
20170810 16:24:19,26.0,47.0
20170810 16:25:22,26.0,47.0
20170810 16:26:26,26.0,47.0
20170810 16:27:26,26.0,47.0
20170810 16:28:42,26.0,47.0
20170810 16:29:45,26.0,47.0
20170810 16:30:45,26.0,47.0
20170810 16:31:51,26.0,47.0
20170810 16:32:54,26.0,47.0
20170810 16:33:57,26.0,47.0
20170810 16:34:58,26.0,47.0
20170810 16:35:58,26.0,47.0
20170810 16:37:01,26.0,47.0
20170810 16:38:04,26.0,47.0
20170810 16:39:15,26.0,46.0
20170810 16:40:16,26.0,46.0
20170810 16:41:21,26.0,47.0
20170810 16:42:24,26.0,47.0
20170810 16:43:25,26.0,46.0
20170810 16:44:28,26.0,47.0
20170810 16:45:29,26.0,46.0
20170810 16:46:29,26.0,47.0
20170810 16:47:30,26.0,46.0
20170810 16:48:30,26.0,47.0
20170810 16:49:38,26.0,46.0
20170810 16:50:47,26.0,46.0
20170810 16:51:47,26.0,46.0
20170810 16:52:48,26.0,47.0
20170810 16:53:48,26.0,47.0
20170810 16:54:54,26.0,47.0
20170810 16:55:57,26.0,47.0
20170810 16:56:57,26.0,47.0
20170810 16:58:16,26.0,46.0
20170810 16:59:16,26.0,47.0
20170810 17:00:17,26.0,46.0
20170810 17:01:20,26.0,46.0
20170810 17:02:21,26.0,46.0
20170810 17:03:34,26.0,45.0
20170810 17:04:34,26.0,46.0
20170810 17:05:35,26.0,47.0
20170810 17:06:35,26.0,46.0
20170810 17:07:36,26.0,46.0
20170810 17:08:36,26.0,46.0
20170810 17:09:42,26.0,46.0
20170810 17:10:43,26.0,46.0
20170810 17:11:43,26.0,46.0
20170810 17:12:44,26.0,47.0
20170810 17:13:44,26.0,47.0
20170810 17:14:47,26.0,47.0
20170810 17:15:58,26.0,46.0
20170810 17:16:59,26.0,46.0
20170810 17:17:59,26.0,47.0
20170810 17:19:07,26.0,46.0
20170810 17:20:10,26.0,47.0
20170810 17:21:11,26.0,46.0
20170810 17:22:14,26.0,47.0
20170810 17:23:15,26.0,46.0
20170810 17:24:15,26.0,47.0
20170810 17:25:18,26.0,47.0
20170810 17:26:21,26.0,47.0
20170810 17:27:27,26.0,47.0
20170810 17:28:28,26.0,46.0
20170810 17:29:28,26.0,47.0
20170810 17:30:31,26.0,47.0
20170810 17:31:32,26.0,47.0
20170810 17:32:37,26.0,47.0
20170810 17:33:41,26.0,47.0
20170810 17:34:46,26.0,46.0
20170810 17:35:47,26.0,46.0
20170810 17:36:47,26.0,47.0
20170810 17:37:48,26.0,47.0
20170810 17:38:48,26.0,46.0
20170810 17:39:52,26.0,47.0
20170810 17:40:52,26.0,47.0
20170810 17:41:55,26.0,47.0
20170810 17:42:56,26.0,47.0
20170810 17:43:56,26.0,47.0
20170810 17:45:02,26.0,46.0
20170810 17:46:03,26.0,46.0
20170810 17:47:06,26.0,47.0
20170810 17:48:09,26.0,47.0
20170810 17:49:14,26.0,47.0
20170810 17:50:15,26.0,46.0
20170810 17:51:15,26.0,47.0
20170810 17:52:16,26.0,47.0
20170810 17:53:19,26.0,47.0
20170810 17:54:20,26.0,47.0
20170810 17:55:20,26.0,47.0
20170810 17:56:21,26.0,47.0
20170810 17:57:24,26.0,47.0
20170810 17:58:25,26.0,47.0
20170810 17:59:28,26.0,47.0
20170810 18:00:28,26.0,47.0
20170810 18:01:29,26.0,47.0
20170810 18:02:32,26.0,47.0
20170810 18:03:38,26.0,47.0
20170810 18:04:38,26.0,47.0
20170810 18:05:44,26.0,47.0
20170810 18:06:47,26.0,47.0
20170810 18:07:47,26.0,47.0
20170810 18:08:50,26.0,47.0
20170810 18:09:54,26.0,47.0
20170810 18:10:54,26.0,47.0
20170810 18:11:55,26.0,47.0
20170810 18:12:55,26.0,47.0
20170810 18:13:56,26.0,46.0
20170810 18:15:02,26.0,47.0
20170810 18:16:05,26.0,47.0
20170810 18:17:18,26.0,46.0
20170810 18:18:18,26.0,46.0
20170810 18:19:19,26.0,47.0
20170810 18:20:24,26.0,47.0
20170810 18:21:28,26.0,47.0
20170810 18:22:28,26.0,47.0
20170810 18:23:29,26.0,47.0
20170810 18:24:29,26.0,47.0
20170810 18:25:37,26.0,46.0
20170810 18:26:43,26.0,46.0
20170810 18:27:44,26.0,46.0
20170810 18:28:47,26.0,47.0
20170810 18:29:47,26.0,47.0
20170810 18:30:48,26.0,47.0
20170810 18:31:53,26.0,47.0
20170810 18:32:54,26.0,47.0
20170810 18:34:00,26.0,46.0
20170810 18:35:00,26.0,46.0
20170810 18:36:06,26.0,46.0
20170810 18:37:06,26.0,46.0
20170810 18:38:07,26.0,47.0
20170810 18:39:07,26.0,47.0
20170810 18:40:08,26.0,47.0
20170810 18:41:09,26.0,47.0
20170810 18:42:09,26.0,47.0
20170810 18:43:10,26.0,47.0
20170810 18:44:15,26.0,46.0
20170810 18:45:16,26.0,46.0
20170810 18:46:22,26.0,46.0
20170810 18:47:22,26.0,46.0
20170810 18:48:23,26.0,47.0
20170810 18:49:23,26.0,47.0
20170810 18:50:24,26.0,47.0
20170810 18:51:24,26.0,47.0
20170810 18:52:25,26.0,47.0
20170810 18:53:31,26.0,46.0
20170810 18:54:31,26.0,46.0
20170810 18:55:32,26.0,47.0
20170810 18:56:43,26.0,46.0
20170810 18:57:51,26.0,46.0
20170810 18:58:51,26.0,46.0
20170810 18:59:54,26.0,46.0
20170810 19:00:55,26.0,46.0
20170810 19:01:55,26.0,45.0
20170810 19:02:56,26.0,46.0
20170810 19:03:57,26.0,46.0
20170810 19:04:57,26.0,46.0
20170810 19:05:58,26.0,46.0
20170810 19:06:58,26.0,46.0
20170810 19:08:01,26.0,46.0
20170810 19:09:02,26.0,45.0
20170810 19:10:03,26.0,46.0
20170810 19:11:11,26.0,45.0
20170810 19:12:11,26.0,45.0
20170810 19:13:12,26.0,46.0
20170810 19:14:15,26.0,45.0
20170810 19:15:15,26.0,45.0
20170810 19:16:16,26.0,45.0
20170810 19:17:19,26.0,45.0
20170810 19:18:22,26.0,46.0
20170810 19:19:23,26.0,45.0
20170810 19:20:23,26.0,46.0
20170810 19:21:34,26.0,45.0
20170810 19:22:37,26.0,46.0
20170810 19:23:38,26.0,45.0
20170810 19:24:41,26.0,46.0
20170810 19:25:44,26.0,46.0
20170810 19:26:49,26.0,46.0
20170810 19:28:00,26.0,45.0
20170810 19:29:01,26.0,44.0
20170810 19:30:01,26.0,45.0
20170810 19:31:12,26.0,45.0
20170810 19:32:18,26.0,45.0
20170810 19:33:21,26.0,45.0
20170810 19:34:21,26.0,45.0
20170810 19:35:22,26.0,45.0
20170810 19:36:30,26.0,44.0
20170810 19:37:30,26.0,44.0
20170810 19:38:31,26.0,45.0
20170810 19:39:34,26.0,44.0
20170810 19:40:35,26.0,44.0
20170810 19:41:43,26.0,43.0
20170810 19:42:43,26.0,43.0
20170810 19:43:44,26.0,44.0
20170810 19:44:47,26.0,44.0
20170810 19:45:47,26.0,43.0
20170810 19:46:51,26.0,44.0
20170810 19:47:51,26.0,43.0
20170810 19:48:54,26.0,43.0
20170810 19:50:00,26.0,43.0
20170810 19:51:00,26.0,43.0
20170810 19:52:01,26.0,44.0
20170810 19:53:02,26.0,44.0
20170810 19:54:02,26.0,43.0
20170810 19:55:03,26.0,43.0
20170810 19:56:06,26.0,43.0
20170810 19:57:09,26.0,43.0
20170810 19:58:10,26.0,43.0
20170810 19:59:10,26.0,43.0
20170810 20:00:13,26.0,44.0
20170810 20:01:14,26.0,43.0
20170810 20:02:14,26.0,44.0
20170810 20:03:17,26.0,44.0
20170810 20:04:26,26.0,43.0
20170810 20:05:29,26.0,44.0
20170810 20:06:32,26.0,44.0
20170810 20:07:37,26.0,43.0
20170810 20:08:40,26.0,42.0
20170810 20:09:46,26.0,43.0
20170810 20:10:47,26.0,43.0
20170810 20:11:52,26.0,43.0
20170810 20:12:55,26.0,43.0
20170810 20:13:58,26.0,43.0
20170810 20:14:59,26.0,43.0
20170810 20:16:05,26.0,43.0
20170810 20:17:05,26.0,43.0
20170810 20:18:06,26.0,43.0
20170810 20:19:06,26.0,43.0
20170810 20:20:09,26.0,43.0
20170810 20:21:15,26.0,43.0
20170810 20:22:16,26.0,43.0
20170810 20:23:16,26.0,43.0
20170810 20:24:19,26.0,43.0
20170810 20:25:20,26.0,42.0
20170810 20:26:28,26.0,41.0
20170810 20:27:34,26.0,43.0
20170810 20:28:37,26.0,43.0
20170810 20:29:37,26.0,43.0
20170810 20:30:43,26.0,42.0
20170810 20:31:43,26.0,42.0
20170810 20:32:46,26.0,43.0
20170810 20:33:47,26.0,43.0
20170810 20:34:50,26.0,43.0
20170810 20:35:51,26.0,42.0
20170810 20:36:51,26.0,43.0
20170810 20:37:59,26.0,43.0
20170810 20:39:00,26.0,42.0
20170810 20:40:03,26.0,44.0
20170810 20:41:14,26.0,44.0
20170810 20:42:14,26.0,44.0
20170810 20:43:22,26.0,44.0
20170810 20:44:23,26.0,44.0
20170810 20:45:23,26.0,44.0
20170810 20:46:24,26.0,44.0
20170810 20:47:25,26.0,44.0
20170810 20:48:33,26.0,44.0
20170810 20:49:33,26.0,44.0
20170810 20:50:49,26.0,44.0
20170810 20:51:50,26.0,44.0
20170810 20:52:55,26.0,44.0
20170810 20:53:58,26.0,44.0
20170810 20:54:59,26.0,44.0
20170810 20:56:04,26.0,44.0
20170810 20:57:08,26.0,45.0
20170810 20:58:08,26.0,44.0
20170810 20:59:09,26.0,45.0
20170810 21:00:09,26.0,45.0
20170810 21:01:12,26.0,45.0
20170810 21:02:13,26.0,44.0
20170810 21:03:13,26.0,45.0
20170810 21:04:14,26.0,45.0
20170810 21:05:17,26.0,45.0
20170810 21:06:25,26.0,45.0
20170810 21:07:28,26.0,45.0
20170810 21:08:29,26.0,45.0
20170810 21:09:37,26.0,44.0
20170810 21:10:38,26.0,44.0
20170810 21:11:38,26.0,45.0
20170810 21:12:39,26.0,45.0
20170810 21:13:39,26.0,45.0
20170810 21:14:40,26.0,45.0
20170810 21:15:40,26.0,45.0
20170810 21:16:41,26.0,45.0
20170810 21:17:42,26.0,45.0
20170810 21:18:42,26.0,45.0
20170810 21:19:43,26.0,45.0
20170810 21:20:51,26.0,44.0
20170810 21:21:52,26.0,44.0
20170810 21:22:52,26.0,45.0
20170810 21:23:53,26.0,45.0
20170810 21:24:56,26.0,45.0
20170810 21:25:59,26.0,44.0
20170810 21:26:59,26.0,44.0
20170810 21:28:10,26.0,44.0
20170810 21:29:13,26.0,45.0
20170810 21:30:14,26.0,44.0
20170810 21:31:24,26.0,44.0
20170810 21:32:27,26.0,45.0
20170810 21:33:33,26.0,44.0
20170810 21:34:41,26.0,44.0
20170810 21:35:42,26.0,44.0
20170810 21:36:42,26.0,44.0
20170810 21:37:43,26.0,44.0
20170810 21:38:43,26.0,44.0
20170810 21:39:46,26.0,45.0
20170810 21:40:50,26.0,45.0
20170810 21:41:50,26.0,44.0
20170810 21:42:53,26.0,44.0
20170810 21:43:54,26.0,44.0
20170810 21:44:54,26.0,44.0
20170810 21:45:55,26.0,45.0
20170810 21:46:56,26.0,44.0
20170810 21:47:56,26.0,45.0
20170810 21:49:02,26.0,44.0
20170810 21:50:02,26.0,44.0
20170810 21:51:03,26.0,44.0
20170810 21:52:11,26.0,44.0
20170810 21:53:12,26.0,44.0
20170810 21:54:17,26.0,44.0
20170810 21:55:18,26.0,43.0
20170810 21:56:18,26.0,45.0
20170810 21:57:26,26.0,44.0
20170810 21:58:27,26.0,44.0
20170810 21:59:30,26.0,44.0
20170810 22:00:31,26.0,44.0
20170810 22:01:34,26.0,44.0
20170810 22:02:34,26.0,44.0
20170810 22:03:35,26.0,44.0
20170810 22:04:35,26.0,44.0
20170810 22:05:36,26.0,44.0
20170810 22:06:37,26.0,44.0
20170810 22:07:42,26.0,43.0
20170810 22:08:43,26.0,43.0
20170810 22:09:43,26.0,44.0
20170810 22:10:44,26.0,43.0
20170810 22:11:47,26.0,43.0
20170810 22:12:58,26.0,43.0
20170810 22:13:58,26.0,43.0
20170810 22:14:59,26.0,43.0
20170810 22:15:59,26.0,43.0
20170810 22:17:00,26.0,43.0
20170810 22:18:03,26.0,43.0
20170810 22:19:06,26.0,43.0
20170810 22:20:07,26.0,43.0
20170810 22:21:15,26.0,43.0
20170810 22:22:15,26.0,43.0
20170810 22:23:19,26.0,43.0
20170810 22:24:19,26.0,43.0
20170810 22:25:20,26.0,43.0
20170810 22:26:20,26.0,43.0
20170810 22:27:23,26.0,43.0
20170810 22:28:24,26.0,43.0
20170810 22:29:25,26.0,43.0
20170810 22:30:25,26.0,43.0
20170810 22:31:26,26.0,43.0
20170810 22:32:34,26.0,43.0
20170810 22:33:34,26.0,43.0
20170810 22:34:38,26.0,43.0
20170810 22:35:43,26.0,43.0
20170810 22:36:46,26.0,43.0
20170810 22:37:52,26.0,43.0
20170810 22:38:52,26.0,43.0
20170810 22:39:55,26.0,43.0
20170810 22:41:06,26.0,43.0
20170810 22:42:07,26.0,44.0
20170810 22:43:07,26.0,43.0
20170810 22:44:08,26.0,43.0
20170810 22:45:08,26.0,44.0
20170810 22:46:14,26.0,44.0
20170810 22:47:14,26.0,44.0
20170810 22:48:17,26.0,44.0
20170810 22:49:21,26.0,44.0
20170810 22:50:21,26.0,44.0
20170810 22:51:24,26.0,44.0
20170810 22:52:25,26.0,44.0
20170810 22:53:30,26.0,44.0
20170810 22:54:33,26.0,44.0
20170810 22:55:34,26.0,44.0
20170810 22:56:34,26.0,44.0
20170810 22:57:38,26.0,44.0
20170810 22:58:41,26.0,44.0
20170810 22:59:46,26.0,44.0
20170810 23:00:49,26.0,44.0
20170810 23:01:52,26.0,44.0
20170810 23:02:53,26.0,44.0
20170810 23:03:53,26.0,44.0
20170810 23:04:54,26.0,44.0
20170810 23:06:00,26.0,43.0
20170810 23:07:00,26.0,43.0
20170810 23:08:01,26.0,44.0
20170810 23:09:06,26.0,43.0
20170810 23:10:07,26.0,43.0
20170810 23:11:13,26.0,43.0
20170810 23:12:13,26.0,43.0
20170810 23:13:14,26.0,43.0
20170810 23:14:17,26.0,44.0
20170810 23:15:17,26.0,43.0
20170810 23:16:18,26.0,44.0
20170810 23:17:26,26.0,43.0
20170810 23:18:29,26.0,44.0
20170810 23:19:30,26.0,43.0
20170810 23:20:30,26.0,44.0
20170810 23:21:31,26.0,44.0
20170810 23:22:31,26.0,44.0
20170810 23:23:47,26.0,44.0
20170810 23:24:48,26.0,44.0
20170810 23:25:48,26.0,44.0
20170810 23:26:49,26.0,44.0
20170810 23:27:52,26.0,44.0
20170810 23:28:58,26.0,44.0
20170810 23:29:58,26.0,44.0
20170810 23:30:59,26.0,44.0
20170810 23:32:04,26.0,43.0
20170810 23:33:07,26.0,44.0
20170810 23:34:08,26.0,44.0
20170810 23:35:14,26.0,44.0
20170810 23:36:17,26.0,44.0
20170810 23:37:17,26.0,44.0
20170810 23:38:25,26.0,44.0
20170810 23:39:26,26.0,44.0
20170810 23:40:37,26.0,44.0
20170810 23:41:42,26.0,44.0
20170810 23:42:48,26.0,44.0
20170810 23:43:48,26.0,44.0
20170810 23:44:56,26.0,44.0
20170810 23:45:57,26.0,44.0
20170810 23:47:00,26.0,45.0
20170810 23:48:21,26.0,44.0
20170810 23:49:21,26.0,44.0
20170810 23:50:22,26.0,45.0
20170810 23:51:25,26.0,45.0
20170810 23:52:25,26.0,45.0
20170810 23:53:26,26.0,45.0
20170810 23:54:27,26.0,45.0
20170810 23:55:27,26.0,45.0
20170810 23:56:28,26.0,45.0
20170810 23:57:31,26.0,45.0
20170810 23:58:34,26.0,45.0
20170810 23:59:37,26.0,44.0
20170811 00:00:38,26.0,44.0
20170811 00:01:46,26.0,45.0
20170811 00:02:46,26.0,44.0
20170811 00:03:49,26.0,45.0
20170811 00:05:00,26.0,44.0
20170811 00:06:01,26.0,44.0
20170811 00:07:01,26.0,45.0
20170811 00:08:02,26.0,45.0
20170811 00:09:05,26.0,45.0
20170811 00:10:10,26.0,45.0
20170811 00:11:19,26.0,45.0
20170811 00:12:19,26.0,45.0
20170811 00:13:22,26.0,45.0
20170811 00:14:25,26.0,45.0
20170811 00:15:28,26.0,45.0
20170811 00:16:29,26.0,45.0
20170811 00:17:32,26.0,45.0
20170811 00:18:35,26.0,45.0
20170811 00:19:36,26.0,45.0
20170811 00:20:39,26.0,44.0
20170811 00:21:42,26.0,45.0
20170811 00:22:45,26.0,45.0
20170811 00:23:48,26.0,45.0
20170811 00:24:54,26.0,45.0
20170811 00:25:54,26.0,45.0
20170811 00:27:00,26.0,45.0
20170811 00:28:03,26.0,44.0
20170811 00:29:06,26.0,45.0
20170811 00:30:14,26.0,45.0
20170811 00:31:17,26.0,44.0
20170811 00:32:20,26.0,45.0
20170811 00:33:26,26.0,45.0
20170811 00:34:34,26.0,45.0
20170811 00:35:47,26.0,44.0
20170811 00:36:58,26.0,44.0
20170811 00:37:58,26.0,44.0
20170811 00:38:59,26.0,45.0
20170811 00:40:02,26.0,45.0
20170811 00:41:08,26.0,45.0
20170811 00:42:11,26.0,45.0
20170811 00:43:11,26.0,45.0
20170811 00:44:14,26.0,45.0
20170811 00:45:17,26.0,45.0
20170811 00:46:26,26.0,45.0
20170811 00:47:26,26.0,45.0
20170811 00:48:32,26.0,45.0
20170811 00:49:32,26.0,45.0
20170811 00:50:33,26.0,45.0
20170811 00:51:33,26.0,45.0
20170811 00:52:34,26.0,45.0
20170811 00:53:35,26.0,45.0
20170811 00:54:35,26.0,45.0
20170811 00:55:43,26.0,45.0
20170811 00:56:44,26.0,45.0
20170811 00:57:49,26.0,45.0
20170811 00:58:50,26.0,45.0
20170811 00:59:51,26.0,45.0
20170811 01:00:51,26.0,45.0
20170811 01:02:02,26.0,45.0
20170811 01:03:05,26.0,45.0
20170811 01:04:13,26.0,45.0
20170811 01:05:14,26.0,45.0
20170811 01:06:14,26.0,45.0
20170811 01:07:15,26.0,45.0
20170811 01:08:18,26.0,45.0
20170811 01:09:23,26.0,44.0
20170811 01:10:24,26.0,44.0
20170811 01:11:24,26.0,45.0
20170811 01:12:25,26.0,45.0
20170811 01:13:28,26.0,45.0
20170811 01:14:29,26.0,45.0
20170811 01:15:37,26.0,44.0
20170811 01:16:40,26.0,45.0
20170811 01:17:41,26.0,45.0
20170811 01:18:44,26.0,45.0
20170811 01:19:47,26.0,45.0
20170811 01:20:52,26.0,45.0
20170811 01:21:53,26.0,44.0
20170811 01:23:01,26.0,45.0
20170811 01:24:09,26.0,45.0
20170811 01:25:12,26.0,45.0
20170811 01:26:13,26.0,45.0
20170811 01:27:13,26.0,45.0
20170811 01:28:24,26.0,44.0
20170811 01:29:27,26.0,45.0
20170811 01:30:35,26.0,45.0
20170811 01:31:38,26.0,45.0
20170811 01:32:49,26.0,45.0
20170811 01:33:52,26.0,45.0
20170811 01:34:53,26.0,45.0
20170811 01:35:56,26.0,45.0
20170811 01:36:56,26.0,45.0
20170811 01:38:12,26.0,44.0
20170811 01:39:17,26.0,45.0
20170811 01:40:21,26.0,45.0
20170811 01:41:24,26.0,45.0
20170811 01:42:24,26.0,45.0
20170811 01:43:25,26.0,45.0
20170811 01:44:28,26.0,45.0
20170811 01:45:28,26.0,45.0
20170811 01:46:31,26.0,45.0
20170811 01:47:35,26.0,45.0
20170811 01:48:35,26.0,45.0
20170811 01:49:36,26.0,45.0
20170811 01:50:36,26.0,45.0
20170811 01:51:42,26.0,45.0
20170811 01:52:45,26.0,45.0
20170811 01:53:46,26.0,45.0
20170811 01:54:46,26.0,45.0
20170811 01:55:47,26.0,45.0
20170811 01:56:52,26.0,45.0
20170811 01:57:55,26.0,45.0
20170811 01:59:04,26.0,45.0
20170811 02:00:07,26.0,45.0
20170811 02:01:07,26.0,45.0
20170811 02:02:08,26.0,45.0
20170811 02:03:08,26.0,45.0
20170811 02:04:11,26.0,45.0
20170811 02:05:12,26.0,45.0
20170811 02:06:25,26.0,44.0
20170811 02:07:28,26.0,45.0
20170811 02:08:31,26.0,45.0
20170811 02:09:34,26.0,45.0
20170811 02:10:50,26.0,44.0
20170811 02:11:51,26.0,44.0
20170811 02:12:51,26.0,45.0
20170811 02:13:52,26.0,45.0
20170811 02:15:00,26.0,45.0
20170811 02:16:03,26.0,45.0
20170811 02:17:04,26.0,45.0
20170811 02:18:04,26.0,45.0
20170811 02:19:05,26.0,45.0
20170811 02:20:05,26.0,45.0
20170811 02:21:06,26.0,45.0
20170811 02:22:06,26.0,45.0
20170811 02:23:17,26.0,44.0
20170811 02:24:18,26.0,44.0
20170811 02:25:18,26.0,45.0
20170811 02:26:19,26.0,45.0
20170811 02:27:22,26.0,45.0
20170811 02:28:22,26.0,45.0
20170811 02:29:23,26.0,45.0
20170811 02:30:26,26.0,45.0
20170811 02:31:27,26.0,45.0
20170811 02:32:35,26.0,44.0
20170811 02:33:35,26.0,44.0
20170811 02:34:36,26.0,45.0
20170811 02:35:36,26.0,45.0
20170811 02:36:47,26.0,44.0
20170811 02:37:48,26.0,44.0
20170811 02:38:53,26.0,45.0
20170811 02:39:54,26.0,44.0
20170811 02:40:59,26.0,44.0
20170811 02:42:00,26.0,45.0
20170811 02:43:01,26.0,44.0
20170811 02:44:19,26.0,44.0
20170811 02:45:32,26.0,44.0
20170811 02:46:33,26.0,44.0
20170811 02:47:41,26.0,44.0
20170811 02:48:41,26.0,43.0
20170811 02:49:44,26.0,45.0
20170811 02:50:45,26.0,44.0
20170811 02:51:46,26.0,45.0
20170811 02:52:46,26.0,45.0
20170811 02:53:52,26.0,44.0
20170811 02:54:52,26.0,44.0
20170811 02:55:53,26.0,45.0
20170811 02:56:56,26.0,45.0
20170811 02:57:56,26.0,44.0
20170811 02:58:59,26.0,45.0
20170811 03:00:00,26.0,44.0
20170811 03:01:01,26.0,45.0
20170811 03:02:01,26.0,45.0
20170811 03:03:04,26.0,44.0
20170811 03:04:07,26.0,45.0
20170811 03:05:08,26.0,44.0
20170811 03:06:09,26.0,45.0
20170811 03:07:09,26.0,45.0
20170811 03:08:15,26.0,44.0
20170811 03:09:15,26.0,44.0
20170811 03:10:16,26.0,45.0
20170811 03:11:19,26.0,45.0
20170811 03:12:20,26.0,44.0
20170811 03:13:23,26.0,45.0
20170811 03:14:23,26.0,44.0
20170811 03:15:24,26.0,44.0
20170811 03:16:27,26.0,45.0
20170811 03:17:27,26.0,44.0
20170811 03:18:31,26.0,45.0
20170811 03:19:31,26.0,44.0
20170811 03:20:32,26.0,44.0
20170811 03:21:35,26.0,44.0
20170811 03:22:35,26.0,44.0
20170811 03:23:39,26.0,44.0
20170811 03:24:44,26.0,44.0
20170811 03:25:45,26.0,44.0
20170811 03:26:45,26.0,44.0
20170811 03:27:48,26.0,44.0
20170811 03:28:49,26.0,43.0
20170811 03:29:52,26.0,44.0
20170811 03:30:53,26.0,44.0
20170811 03:31:58,26.0,44.0
20170811 03:32:59,26.0,44.0
20170811 03:33:59,26.0,44.0
20170811 03:35:00,26.0,44.0
20170811 03:36:01,26.0,44.0
20170811 03:37:01,26.0,44.0
20170811 03:38:02,26.0,44.0
20170811 03:39:10,26.0,44.0
20170811 03:40:23,26.0,44.0
20170811 03:41:29,26.0,44.0
20170811 03:42:29,26.0,44.0
20170811 03:43:32,26.0,44.0
20170811 03:44:35,26.0,44.0
20170811 03:45:36,26.0,44.0
20170811 03:46:39,26.0,44.0
20170811 03:47:42,26.0,44.0
20170811 03:48:45,26.0,44.0
20170811 03:49:48,26.0,44.0
20170811 03:50:51,26.0,44.0
20170811 03:51:52,26.0,44.0
20170811 03:52:53,26.0,44.0
20170811 03:53:58,26.0,44.0
20170811 03:54:59,26.0,44.0
20170811 03:56:04,26.0,44.0
20170811 03:57:05,26.0,43.0
20170811 03:58:13,26.0,44.0
20170811 03:59:13,26.0,44.0
20170811 04:00:14,26.0,44.0
20170811 04:01:25,26.0,44.0
20170811 04:02:28,26.0,44.0
20170811 04:03:31,26.0,44.0
20170811 04:04:31,26.0,44.0
20170811 04:05:32,26.0,44.0
20170811 04:06:33,26.0,44.0
20170811 04:07:33,26.0,44.0
20170811 04:08:36,26.0,44.0
20170811 04:09:37,26.0,44.0
20170811 04:10:37,26.0,44.0
20170811 04:11:40,26.0,44.0
20170811 04:12:41,26.0,44.0
20170811 04:13:47,26.0,44.0
20170811 04:14:52,26.0,44.0
20170811 04:15:53,26.0,44.0
20170811 04:16:53,26.0,44.0
20170811 04:17:57,26.0,44.0
20170811 04:19:05,26.0,43.0
20170811 04:20:05,26.0,43.0
20170811 04:21:06,26.0,44.0
20170811 04:22:06,26.0,44.0
20170811 04:23:07,26.0,44.0
20170811 04:24:08,26.0,44.0
20170811 04:25:08,26.0,44.0
20170811 04:26:09,26.0,44.0
20170811 04:27:12,26.0,43.0
20170811 04:28:15,26.0,44.0
20170811 04:29:15,26.0,43.0
20170811 04:30:26,26.0,43.0
20170811 04:31:39,26.0,43.0
20170811 04:32:47,26.0,43.0
20170811 04:33:48,26.0,43.0
20170811 04:34:51,26.0,43.0
20170811 04:35:52,26.0,43.0
20170811 04:36:52,26.0,43.0
20170811 04:37:58,26.0,43.0
20170811 04:38:58,26.0,43.0
20170811 04:39:59,26.0,43.0
20170811 04:40:59,26.0,43.0
20170811 04:42:00,26.0,43.0
20170811 04:43:01,26.0,43.0
20170811 04:44:01,26.0,43.0
20170811 04:45:07,26.0,43.0
20170811 04:46:07,26.0,43.0
20170811 04:47:08,26.0,42.0
20170811 04:48:11,26.0,41.0
20170811 04:49:14,26.0,40.0
20170811 04:50:17,26.0,40.0
20170811 04:51:20,26.0,40.0
20170811 04:52:21,26.0,39.0
20170811 04:53:21,26.0,39.0
20170811 04:54:25,26.0,39.0
20170811 04:55:28,26.0,39.0
20170811 04:56:31,26.0,39.0
20170811 04:57:31,26.0,38.0
20170811 04:58:34,26.0,39.0
20170811 04:59:42,26.0,36.0
20170811 05:00:43,26.0,35.0
20170811 05:01:43,26.0,38.0
20170811 05:02:47,26.0,37.0
20170811 05:03:47,26.0,36.0
20170811 05:04:48,26.0,37.0
20170811 05:05:48,26.0,37.0
20170811 05:06:49,26.0,37.0
20170811 05:07:52,26.0,37.0
20170811 05:08:58,26.0,35.0
20170811 05:09:58,26.0,35.0
20170811 05:10:59,26.0,36.0
20170811 05:11:59,26.0,36.0
20170811 05:13:02,26.0,37.0
20170811 05:14:05,26.0,36.0
20170811 05:15:08,26.0,36.0
20170811 05:16:09,26.0,35.0
20170811 05:17:09,26.0,36.0
20170811 05:18:13,26.0,36.0
20170811 05:19:13,26.0,35.0
20170811 05:20:16,26.0,36.0
20170811 05:21:17,26.0,35.0
20170811 05:22:17,25.0,37.0
20170811 05:23:18,25.0,36.0
20170811 05:24:21,25.0,36.0
20170811 05:25:22,25.0,35.0
20170811 05:26:25,25.0,35.0
20170811 05:27:25,25.0,34.0
20170811 05:28:33,25.0,33.0
20170811 05:29:34,25.0,33.0
20170811 05:30:35,25.0,34.0
20170811 05:31:38,25.0,35.0
20170811 05:32:41,25.0,35.0
20170811 05:33:41,25.0,33.0
20170811 05:34:42,25.0,35.0
20170811 05:35:50,25.0,33.0
20170811 05:36:53,25.0,33.0
20170811 05:37:54,25.0,30.0
20170811 05:38:57,25.0,35.0
20170811 05:39:57,25.0,34.0
20170811 05:41:03,25.0,34.0
20170811 05:42:04,25.0,34.0
20170811 05:43:09,25.0,36.0
20170811 05:44:10,25.0,36.0
20170811 05:45:15,26.0,37.0
20170811 05:46:16,25.0,33.0
20170811 05:47:16,25.0,37.0
20170811 05:48:32,26.0,36.0
20170811 05:49:35,26.0,38.0
20170811 05:50:36,26.0,37.0
20170811 05:51:39,26.0,38.0
20170811 05:52:42,26.0,38.0
20170811 05:53:43,26.0,37.0
20170811 05:54:43,26.0,39.0
20170811 05:55:49,26.0,37.0
20170811 05:56:52,26.0,39.0
20170811 05:57:52,26.0,38.0
20170811 05:58:53,26.0,39.0
20170811 05:59:59,26.0,39.0
20170811 06:00:59,26.0,39.0
20170811 06:02:07,26.0,39.0
20170811 06:03:08,26.0,39.0
20170811 06:04:11,26.0,40.0
20170811 06:05:11,26.0,39.0
20170811 06:06:12,26.0,40.0
20170811 06:07:13,26.0,40.0
20170811 06:08:13,26.0,40.0
20170811 06:09:14,26.0,39.0
20170811 06:10:14,26.0,40.0
20170811 06:11:25,26.0,39.0
20170811 06:12:26,26.0,39.0
20170811 06:13:31,26.0,40.0
20170811 06:14:32,26.0,40.0
20170811 06:15:40,26.0,40.0
20170811 06:16:40,26.0,40.0
20170811 06:17:41,26.0,41.0
20170811 06:18:49,26.0,40.0
20170811 06:19:52,26.0,41.0
20170811 06:20:55,26.0,41.0
20170811 06:21:56,26.0,41.0
20170811 06:23:04,26.0,40.0
20170811 06:24:04,26.0,40.0
20170811 06:25:05,13.0,148.0
20170811 06:26:08,26.0,41.0
20170811 06:27:09,26.0,41.0
20170811 06:28:12,26.0,41.0
20170811 06:29:15,26.0,41.0
20170811 06:30:18,26.0,41.0
20170811 06:31:18,26.0,41.0
20170811 06:32:19,26.0,41.0
20170811 06:33:19,26.0,41.0
20170811 06:34:20,26.0,41.0
20170811 06:35:23,26.0,41.0
20170811 06:36:29,26.0,41.0
20170811 06:37:29,26.0,41.0
20170811 06:38:37,26.0,41.0
20170811 06:39:40,26.0,42.0
20170811 06:40:43,26.0,42.0
20170811 06:41:44,26.0,42.0
20170811 06:42:45,26.0,42.0
20170811 06:43:45,26.0,42.0
20170811 06:44:48,26.0,42.0
20170811 06:45:49,26.0,42.0
20170811 06:46:52,26.0,42.0
20170811 06:47:55,26.0,42.0
20170811 06:48:56,26.0,42.0
20170811 06:49:59,26.0,42.0
20170811 06:50:59,26.0,42.0
20170811 06:52:05,26.0,42.0
20170811 06:53:06,26.0,42.0
20170811 06:54:09,26.0,42.0
20170811 06:55:09,26.0,42.0
20170811 06:56:10,26.0,42.0
20170811 06:57:13,26.0,42.0
20170811 06:58:13,26.0,42.0
20170811 06:59:14,26.0,42.0
20170811 07:00:15,26.0,42.0
20170811 07:01:15,26.0,43.0
20170811 07:02:18,26.0,43.0
20170811 07:03:19,26.0,42.0
20170811 07:04:22,26.0,43.0
20170811 07:05:28,26.0,41.0
20170811 07:06:33,26.0,42.0
20170811 07:07:39,26.0,43.0
20170811 07:08:39,26.0,42.0
20170811 07:09:42,26.0,43.0
20170811 07:10:43,26.0,43.0
20170811 07:11:49,26.0,42.0
20170811 07:12:49,26.0,42.0
20170811 07:13:52,26.0,42.0
20170811 07:14:53,26.0,42.0
20170811 07:15:56,26.0,43.0
20170811 07:16:56,26.0,43.0
20170811 07:17:57,26.0,43.0
20170811 07:19:03,26.0,43.0
20170811 07:20:03,26.0,43.0
20170811 07:21:04,26.0,43.0
20170811 07:22:07,26.0,43.0
20170811 07:23:07,26.0,43.0
20170811 07:24:08,26.0,43.0
20170811 07:25:09,26.0,43.0
20170811 07:26:12,26.0,43.0
20170811 07:27:12,26.0,43.0
20170811 07:28:13,26.0,42.0
20170811 07:29:19,26.0,43.0
20170811 07:30:24,26.0,43.0
20170811 07:31:25,26.0,43.0
20170811 07:32:28,26.0,43.0
20170811 07:33:28,26.0,43.0
20170811 07:34:29,26.0,43.0
20170811 07:35:30,26.0,43.0
20170811 07:36:33,26.0,43.0
20170811 07:37:33,26.0,43.0
20170811 07:38:36,26.0,43.0
20170811 07:39:37,26.0,43.0
20170811 07:40:37,26.0,43.0
20170811 07:41:38,26.0,42.0
20170811 07:42:44,26.0,43.0
20170811 07:43:44,26.0,43.0
20170811 07:44:50,26.0,43.0
20170811 07:45:50,26.0,43.0
20170811 07:46:51,26.0,43.0
20170811 07:47:52,26.0,43.0
20170811 07:48:52,26.0,43.0
20170811 07:49:53,26.0,43.0
20170811 07:50:56,26.0,43.0
20170811 07:52:04,26.0,43.0
20170811 07:53:05,26.0,43.0
20170811 07:54:10,26.0,43.0
20170811 07:55:13,26.0,43.0
20170811 07:56:24,26.0,43.0
20170811 07:57:24,26.0,43.0
20170811 07:58:28,26.0,43.0
20170811 07:59:28,26.0,43.0
20170811 08:00:29,26.0,43.0
20170811 08:01:29,26.0,43.0
20170811 08:02:30,26.0,43.0
20170811 08:03:33,26.0,43.0
20170811 08:04:38,26.0,43.0
20170811 08:05:39,26.0,43.0
20170811 08:06:40,26.0,43.0
20170811 08:07:43,26.0,43.0
20170811 08:08:46,26.0,43.0
20170811 08:09:46,26.0,43.0
20170811 08:10:49,26.0,43.0
20170811 08:11:53,26.0,43.0
20170811 08:12:53,26.0,43.0
20170811 08:13:56,26.0,43.0
20170811 08:14:57,26.0,43.0
20170811 08:16:00,26.0,43.0
20170811 08:17:16,26.0,43.0
20170811 08:18:16,26.0,43.0
20170811 08:19:17,26.0,43.0
20170811 08:20:17,26.0,43.0
20170811 08:21:20,26.0,43.0
20170811 08:22:21,26.0,43.0
20170811 08:23:47,26.0,43.0
20170811 08:24:47,26.0,43.0
20170811 08:25:50,26.0,43.0
20170811 08:26:51,26.0,43.0
20170811 08:27:57,26.0,43.0
20170811 08:28:57,26.0,43.0
20170811 08:29:58,26.0,43.0
20170811 08:31:01,26.0,43.0
20170811 08:32:01,26.0,43.0
20170811 08:33:07,26.0,43.0
20170811 08:34:07,26.0,43.0
20170811 08:35:21,26.0,43.0
20170811 08:36:26,26.0,43.0
20170811 08:37:27,26.0,43.0
20170811 08:38:27,26.0,43.0
20170811 08:39:28,26.0,43.0
20170811 08:40:31,26.0,43.0
20170811 08:41:37,26.0,43.0
20170811 08:42:37,26.0,43.0
20170811 08:43:40,26.0,43.0
20170811 08:44:43,26.0,43.0
20170811 08:45:44,26.0,43.0
20170811 08:46:44,26.0,43.0
20170811 08:47:45,26.0,43.0
20170811 08:48:48,26.0,43.0
20170811 08:49:51,26.0,43.0
20170811 08:50:52,26.0,43.0
20170811 08:51:52,26.0,43.0
20170811 08:52:55,26.0,43.0
20170811 08:53:59,26.0,43.0
20170811 08:54:59,26.0,43.0
20170811 08:56:00,26.0,43.0
20170811 08:57:05,26.0,43.0
20170811 08:58:14,26.0,43.0
20170811 08:59:17,26.0,43.0
20170811 09:00:17,26.0,43.0
20170811 09:01:20,26.0,43.0
20170811 09:02:34,26.0,43.0
20170811 09:03:42,26.0,43.0
20170811 09:04:47,26.0,43.0
20170811 09:05:48,26.0,43.0
20170811 09:06:48,26.0,43.0
20170811 09:07:49,26.0,43.0
20170811 09:08:49,26.0,43.0
20170811 09:09:52,26.0,43.0
20170811 09:10:53,26.0,43.0
20170811 09:11:54,26.0,43.0
20170811 09:12:54,26.0,43.0
20170811 09:13:55,26.0,43.0
20170811 09:14:55,26.0,43.0
20170811 09:15:56,26.0,43.0
20170811 09:16:56,26.0,43.0
20170811 09:17:57,26.0,43.0
20170811 09:19:05,26.0,43.0
20170811 09:20:06,26.0,43.0
20170811 09:21:09,26.0,44.0
20170811 09:22:09,26.0,44.0
20170811 09:23:10,26.0,43.0
20170811 09:24:11,26.0,44.0
20170811 09:25:14,26.0,44.0
20170811 09:26:14,26.0,43.0
20170811 09:27:15,26.0,44.0
20170811 09:28:15,26.0,44.0
20170811 09:29:16,26.0,43.0
20170811 09:30:17,26.0,44.0
20170811 09:31:22,26.0,43.0
20170811 09:32:28,26.0,43.0
20170811 09:33:28,26.0,43.0
20170811 09:34:31,26.0,43.0
20170811 09:35:35,26.0,43.0
20170811 09:36:38,26.0,43.0
20170811 09:37:41,26.0,43.0
20170811 09:38:41,26.0,42.0
20170811 09:39:42,26.0,43.0
20170811 09:40:45,26.0,44.0
20170811 09:42:06,26.0,43.0
20170811 09:43:11,26.0,43.0
20170811 09:44:12,26.0,43.0
20170811 09:45:15,26.0,43.0
20170811 09:46:16,26.0,43.0
20170811 09:47:21,26.0,43.0
20170811 09:48:27,26.0,43.0
20170811 09:49:27,26.0,43.0
20170811 09:50:28,26.0,43.0
20170811 09:51:31,26.0,43.0
20170811 09:52:42,26.0,43.0
20170811 09:53:45,26.0,43.0
20170811 09:54:48,26.0,43.0
20170811 09:55:48,26.0,43.0
20170811 09:56:56,26.0,43.0
20170811 09:57:57,26.0,43.0
20170811 09:59:05,26.0,43.0
20170811 10:00:06,26.0,43.0
20170811 10:01:06,26.0,44.0
20170811 10:02:07,26.0,44.0
20170811 10:03:07,26.0,44.0
20170811 10:04:10,26.0,44.0
20170811 10:05:11,26.0,43.0
20170811 10:06:14,26.0,44.0
20170811 10:07:15,26.0,43.0
20170811 10:08:15,26.0,44.0
20170811 10:09:21,26.0,43.0
20170811 10:10:21,26.0,43.0
20170811 10:11:22,26.0,43.0
20170811 10:12:23,26.0,43.0
20170811 10:13:26,26.0,43.0
20170811 10:14:34,26.0,43.0
20170811 10:15:39,26.0,43.0
20170811 10:16:40,26.0,43.0
20170811 10:17:41,26.0,43.0
20170811 10:18:46,26.0,43.0
20170811 10:19:52,26.0,43.0
20170811 10:20:55,26.0,43.0
20170811 10:21:58,26.0,43.0
20170811 10:22:58,26.0,43.0
20170811 10:23:59,26.0,43.0
20170811 10:25:00,26.0,43.0
20170811 10:26:00,26.0,43.0
20170811 10:27:01,26.0,43.0
20170811 10:28:01,26.0,43.0
20170811 10:29:07,26.0,43.0
20170811 10:30:08,26.0,43.0
20170811 10:31:08,26.0,43.0
20170811 10:32:09,26.0,43.0
20170811 10:33:09,26.0,43.0
20170811 10:34:12,26.0,43.0
20170811 10:35:13,26.0,43.0
20170811 10:36:14,26.0,43.0
20170811 10:37:14,26.0,43.0
20170811 10:38:22,26.0,43.0
20170811 10:39:25,26.0,43.0
20170811 10:40:26,26.0,43.0
20170811 10:41:32,26.0,43.0
20170811 10:42:32,26.0,43.0
20170811 10:43:33,26.0,43.0
20170811 10:44:38,26.0,43.0
20170811 10:45:44,26.0,43.0
20170811 10:46:47,26.0,43.0
20170811 10:47:48,26.0,43.0
20170811 10:48:51,26.0,43.0
20170811 10:49:51,26.0,43.0
20170811 10:50:52,26.0,43.0
20170811 10:51:52,26.0,43.0
20170811 10:52:53,26.0,43.0
20170811 10:53:56,26.0,43.0
20170811 10:54:59,26.0,43.0
20170811 10:56:20,26.0,43.0
20170811 10:57:26,26.0,43.0
20170811 10:58:31,26.0,42.0
20170811 10:59:37,26.0,42.0
20170811 11:00:45,26.0,43.0
20170811 11:01:45,26.0,43.0
20170811 11:02:46,26.0,43.0
20170811 11:03:46,26.0,43.0
20170811 11:04:50,26.0,43.0
20170811 11:05:53,26.0,43.0
20170811 11:06:56,26.0,43.0
20170811 11:07:56,26.0,43.0
20170811 11:08:57,26.0,43.0
20170811 11:09:57,26.0,43.0
20170811 11:10:58,26.0,43.0
20170811 11:12:04,26.0,43.0
20170811 11:13:04,26.0,43.0
20170811 11:14:05,26.0,43.0
20170811 11:15:05,26.0,43.0
20170811 11:16:06,26.0,43.0
20170811 11:17:12,26.0,43.0
20170811 11:18:12,26.0,43.0
20170811 11:19:15,26.0,44.0
20170811 11:20:18,26.0,44.0
20170811 11:21:19,26.0,43.0
20170811 11:22:22,26.0,44.0
20170811 11:23:22,26.0,43.0
20170811 11:24:26,26.0,44.0
20170811 11:25:29,26.0,43.0
20170811 11:26:39,26.0,43.0
20170811 11:27:42,26.0,43.0
20170811 11:28:43,26.0,44.0
20170811 11:29:59,26.0,43.0
20170811 11:31:02,26.0,43.0
20170811 11:32:02,26.0,43.0
20170811 11:33:03,26.0,43.0
20170811 11:34:06,26.0,43.0
20170811 11:35:09,26.0,43.0
20170811 11:36:10,26.0,43.0
20170811 11:37:10,26.0,43.0
20170811 11:38:11,26.0,43.0
20170811 11:39:16,26.0,43.0
20170811 11:40:19,26.0,43.0
20170811 11:41:20,26.0,43.0
20170811 11:42:21,26.0,43.0
20170811 11:43:26,26.0,43.0
20170811 11:44:44,26.0,43.0
20170811 11:45:50,26.0,43.0
20170811 11:46:51,26.0,43.0
20170811 11:47:51,26.0,43.0
20170811 11:48:54,26.0,43.0
20170811 11:49:57,26.0,43.0
20170811 11:50:58,26.0,43.0
20170811 11:52:09,26.0,43.0
20170811 11:53:09,26.0,43.0
20170811 11:54:10,26.0,43.0
20170811 11:55:10,26.0,43.0
20170811 11:56:16,26.0,43.0
20170811 11:57:16,26.0,43.0
20170811 11:58:17,26.0,43.0
20170811 11:59:17,26.0,43.0
20170811 12:00:23,26.0,43.0
20170811 12:01:24,26.0,43.0
20170811 12:02:24,26.0,43.0
20170811 12:03:25,26.0,43.0
20170811 12:04:25,26.0,43.0
20170811 12:05:34,26.0,43.0
20170811 12:06:42,26.0,43.0
20170811 12:07:42,26.0,43.0
20170811 12:08:43,26.0,43.0
20170811 12:09:43,26.0,43.0
20170811 12:10:44,26.0,43.0
20170811 12:11:45,26.0,43.0
20170811 12:12:45,26.0,43.0
20170811 12:13:51,26.0,43.0
20170811 12:14:54,26.0,43.0
20170811 12:15:59,26.0,43.0
20170811 12:17:05,26.0,43.0
20170811 12:18:06,26.0,43.0
20170811 12:19:06,26.0,43.0
20170811 12:20:09,26.0,43.0
20170811 12:21:12,26.0,43.0
20170811 12:22:13,26.0,43.0
20170811 12:23:13,26.0,43.0
20170811 12:24:14,26.0,43.0
20170811 12:25:17,26.0,43.0
20170811 12:26:23,26.0,43.0
20170811 12:27:23,26.0,43.0
20170811 12:28:42,26.0,43.0
20170811 12:29:42,26.0,42.0
20170811 12:30:53,26.0,43.0
20170811 12:31:53,26.0,43.0
20170811 12:32:54,26.0,43.0
20170811 12:33:54,26.0,43.0
20170811 12:34:55,26.0,43.0
20170811 12:35:56,26.0,43.0
20170811 12:36:56,26.0,43.0
20170811 12:38:02,26.0,43.0
20170811 12:39:02,26.0,43.0
20170811 12:40:03,26.0,43.0
20170811 12:41:09,26.0,43.0
20170811 12:42:14,26.0,42.0
20170811 12:43:15,26.0,43.0
20170811 12:44:18,26.0,43.0
20170811 12:45:26,26.0,43.0
20170811 12:46:26,26.0,43.0
20170811 12:47:27,26.0,43.0
20170811 12:48:30,26.0,43.0
20170811 12:49:38,26.0,43.0
20170811 12:50:41,26.0,43.0
20170811 12:51:44,26.0,43.0
20170811 12:52:55,26.0,43.0
20170811 12:53:58,26.0,43.0
20170811 12:54:59,26.0,43.0
20170811 12:56:02,26.0,43.0
20170811 12:57:02,26.0,43.0
20170811 12:58:03,26.0,43.0
20170811 12:59:09,26.0,43.0
20170811 13:00:09,26.0,43.0
20170811 13:01:12,26.0,43.0
20170811 13:02:18,26.0,43.0
20170811 13:03:26,26.0,43.0
20170811 13:04:26,26.0,43.0
20170811 13:05:32,26.0,43.0
20170811 13:06:35,26.0,43.0
20170811 13:07:36,26.0,43.0
20170811 13:08:41,26.0,43.0
20170811 13:09:42,26.0,43.0
20170811 13:10:45,26.0,43.0
20170811 13:11:48,26.0,43.0
20170811 13:12:49,26.0,43.0
20170811 13:13:54,26.0,43.0
20170811 13:15:00,26.0,43.0
20170811 13:16:05,26.0,43.0
20170811 13:17:06,26.0,43.0
20170811 13:18:07,26.0,43.0
20170811 13:19:15,26.0,43.0
20170811 13:20:28,26.0,43.0
20170811 13:21:31,26.0,43.0
20170811 13:22:32,26.0,42.0
20170811 13:23:37,26.0,43.0
20170811 13:24:38,26.0,43.0
20170811 13:25:43,26.0,43.0
20170811 13:26:49,26.0,42.0
20170811 13:27:52,26.0,43.0
20170811 13:28:53,26.0,43.0
20170811 13:29:53,26.0,43.0
20170811 13:30:54,26.0,43.0
20170811 13:31:57,26.0,43.0
20170811 13:32:57,26.0,43.0
20170811 13:33:58,26.0,43.0
20170811 13:34:58,26.0,43.0
20170811 13:35:59,26.0,43.0
20170811 13:37:02,26.0,43.0
20170811 13:38:08,26.0,43.0
20170811 13:39:08,26.0,43.0
20170811 13:40:11,26.0,43.0
20170811 13:41:12,26.0,43.0
20170811 13:42:15,26.0,43.0
20170811 13:43:18,26.0,43.0
20170811 13:44:19,26.0,43.0
20170811 13:45:19,26.0,43.0
20170811 13:46:25,26.0,43.0
20170811 13:47:28,26.0,43.0
20170811 13:48:29,26.0,43.0
20170811 13:49:29,26.0,43.0
20170811 13:50:35,26.0,43.0
20170811 13:51:35,26.0,43.0
20170811 13:52:36,26.0,43.0
20170811 13:53:39,26.0,43.0
20170811 13:54:42,26.0,43.0
20170811 13:55:43,26.0,43.0
20170811 13:56:51,26.0,43.0
20170811 13:57:51,26.0,43.0
20170811 13:58:52,26.0,43.0
20170811 13:59:58,26.0,43.0
20170811 14:01:01,26.0,43.0
20170811 14:02:06,26.0,43.0
20170811 14:03:07,26.0,43.0
20170811 14:04:10,26.0,43.0
20170811 14:05:16,26.0,43.0
20170811 14:06:16,26.0,43.0
20170811 14:07:19,26.0,43.0
20170811 14:08:27,26.0,43.0
20170811 14:09:28,26.0,43.0
20170811 14:10:31,26.0,43.0
20170811 14:11:32,26.0,43.0
20170811 14:12:32,26.0,43.0
20170811 14:13:40,26.0,43.0
20170811 14:14:41,26.0,43.0
20170811 14:15:41,26.0,43.0
20170811 14:16:42,26.0,43.0
20170811 14:17:43,26.0,43.0
20170811 14:18:43,26.0,43.0
20170811 14:19:46,26.0,43.0
20170811 14:20:47,26.0,43.0
20170811 14:21:47,26.0,43.0
20170811 14:22:48,26.0,43.0
20170811 14:23:49,26.0,43.0
20170811 14:24:49,26.0,43.0
20170811 14:25:50,26.0,43.0
20170811 14:26:50,26.0,43.0
20170811 14:27:53,26.0,43.0
20170811 14:28:54,26.0,43.0
20170811 14:30:00,26.0,43.0
20170811 14:31:00,26.0,43.0
20170811 14:32:01,26.0,43.0
20170811 14:33:01,26.0,43.0
20170811 14:34:02,26.0,43.0
20170811 14:35:05,26.0,43.0
20170811 14:36:06,26.0,43.0
20170811 14:37:06,26.0,43.0
20170811 14:38:07,26.0,44.0
20170811 14:39:10,26.0,43.0
20170811 14:40:13,26.0,43.0
20170811 14:41:13,26.0,43.0
20170811 14:42:14,26.0,44.0
20170811 14:43:20,26.0,43.0
20170811 14:44:20,26.0,43.0
20170811 14:45:23,26.0,43.0
20170811 14:46:24,26.0,43.0
20170811 14:47:24,26.0,43.0
20170811 14:48:25,26.0,43.0
20170811 14:49:26,26.0,43.0
20170811 14:50:29,26.0,43.0
20170811 14:51:29,26.0,43.0
20170811 14:52:30,26.0,43.0
20170811 14:53:31,26.0,43.0
20170811 14:54:31,26.0,43.0
20170811 14:55:32,26.0,43.0
20170811 14:56:32,26.0,43.0
20170811 14:57:38,26.0,43.0
20170811 14:58:38,26.0,43.0
20170811 14:59:42,26.0,43.0
20170811 15:00:42,26.0,43.0
20170811 15:01:43,26.0,43.0
20170811 15:02:46,26.0,42.0
20170811 15:03:46,26.0,43.0
20170811 15:04:49,26.0,43.0
20170811 15:05:50,26.0,43.0
20170811 15:06:51,26.0,43.0
20170811 15:07:51,26.0,43.0
20170811 15:08:54,26.0,43.0
20170811 15:09:55,26.0,43.0
20170811 15:11:11,26.0,43.0
20170811 15:12:11,26.0,43.0
20170811 15:13:12,26.0,43.0
20170811 15:14:15,26.0,43.0
20170811 15:15:20,26.0,43.0
20170811 15:16:23,26.0,43.0
20170811 15:17:29,26.0,43.0
20170811 15:18:30,26.0,43.0
20170811 15:19:30,26.0,43.0
20170811 15:20:31,26.0,43.0
20170811 15:21:39,26.0,43.0
20170811 15:22:39,26.0,43.0
20170811 15:23:50,26.0,43.0
20170811 15:24:51,26.0,43.0
20170811 15:25:51,26.0,43.0
20170811 15:26:54,26.0,42.0
20170811 15:28:00,26.0,43.0
20170811 15:29:00,26.0,43.0
20170811 15:30:01,26.0,43.0
20170811 15:31:04,26.0,43.0
20170811 15:32:05,26.0,43.0
20170811 15:33:10,26.0,43.0
20170811 15:34:11,26.0,43.0
20170811 15:35:14,26.0,43.0
20170811 15:36:20,26.0,43.0
20170811 15:37:23,26.0,43.0
20170811 15:38:23,26.0,43.0
20170811 15:39:26,26.0,43.0
20170811 15:40:27,26.0,43.0
20170811 15:41:35,26.0,43.0
20170811 15:42:36,26.0,43.0
20170811 15:43:39,26.0,43.0
20170811 15:44:44,26.0,43.0
20170811 15:45:45,26.0,43.0
20170811 15:46:45,26.0,43.0
20170811 15:47:46,26.0,43.0
20170811 15:48:54,26.0,43.0
20170811 15:50:00,26.0,43.0
20170811 15:51:00,26.0,43.0
20170811 15:52:01,26.0,43.0
20170811 15:53:04,26.0,43.0
20170811 15:54:07,26.0,43.0
20170811 15:55:08,26.0,43.0
20170811 15:56:08,26.0,43.0
20170811 15:57:14,26.0,43.0
20170811 15:58:17,26.0,43.0
20170811 15:59:17,26.0,43.0
20170811 16:00:18,26.0,43.0
20170811 16:01:19,26.0,43.0
20170811 16:02:29,26.0,43.0
20170811 16:03:32,26.0,43.0
20170811 16:04:36,26.0,43.0
20170811 16:05:36,26.0,43.0
20170811 16:06:37,26.0,43.0
20170811 16:07:40,26.0,42.0
20170811 16:08:40,26.0,43.0
20170811 16:09:41,26.0,43.0
20170811 16:10:41,26.0,43.0
20170811 16:11:52,26.0,43.0
20170811 16:12:58,26.0,43.0
20170811 16:13:58,26.0,43.0
20170811 16:15:01,26.0,43.0
20170811 16:16:09,26.0,43.0
20170811 16:17:13,26.0,43.0
20170811 16:18:13,26.0,43.0
20170811 16:19:14,26.0,43.0
20170811 16:20:19,26.0,43.0
20170811 16:21:20,26.0,43.0
20170811 16:22:20,26.0,43.0
20170811 16:23:31,26.0,43.0
20170811 16:24:37,26.0,43.0
20170811 16:25:45,26.0,43.0
20170811 16:26:48,26.0,43.0
20170811 16:27:56,26.0,43.0
20170811 16:28:57,26.0,43.0
20170811 16:30:00,26.0,43.0
20170811 16:31:00,26.0,43.0
20170811 16:32:01,26.0,43.0
20170811 16:33:04,26.0,43.0
20170811 16:34:09,26.0,43.0
20170811 16:35:10,26.0,43.0
20170811 16:36:16,26.0,43.0
20170811 16:37:16,26.0,43.0
20170811 16:38:17,26.0,43.0
20170811 16:39:20,26.0,42.0
20170811 16:40:23,26.0,43.0
20170811 16:41:23,26.0,43.0
20170811 16:42:27,26.0,43.0
20170811 16:43:30,26.0,43.0
20170811 16:44:33,26.0,43.0
20170811 16:45:36,26.0,43.0
20170811 16:46:41,26.0,42.0
20170811 16:47:45,25.0,39.0
20170811 16:48:45,25.0,38.0
20170811 16:49:46,25.0,37.0
20170811 16:50:51,25.0,32.0
20170811 16:51:52,25.0,32.0
20170811 16:52:52,25.0,32.0
20170811 16:53:56,25.0,31.0
20170811 16:55:01,25.0,30.0
20170811 16:56:09,25.0,30.0
20170811 16:57:22,25.0,29.0
20170811 16:58:26,25.0,31.0
20170811 16:59:31,25.0,29.0
20170811 17:00:34,25.0,29.0
20170811 17:01:35,25.0,29.0
20170811 17:02:35,25.0,29.0
20170811 17:03:43,25.0,21.0
20170811 17:04:47,25.0,28.0
20170811 17:05:47,25.0,24.0
20170811 17:06:48,25.0,29.0
20170811 17:07:48,25.0,27.0
20170811 17:08:49,25.0,28.0
20170811 17:09:52,25.0,24.0
20170811 17:10:52,25.0,24.0
20170811 17:11:53,25.0,18.0
20170811 17:13:01,25.0,18.0
20170811 17:14:04,25.0,19.0
20170811 17:15:05,25.0,18.0
20170811 17:16:05,25.0,18.0
20170811 17:17:06,25.0,18.0
20170811 17:18:07,25.0,18.0
20170811 17:19:07,25.0,18.0
20170811 17:20:18,25.0,18.0
20170811 17:21:21,25.0,19.0
20170811 17:22:21,25.0,18.0
20170811 17:23:22,25.0,21.0
20170811 17:24:23,25.0,18.0
20170811 17:25:23,25.0,18.0
20170811 17:26:24,25.0,18.0
20170811 17:27:29,25.0,18.0
20170811 17:28:30,25.0,18.0
20170811 17:29:30,25.0,24.0
20170811 17:30:39,25.0,24.0
20170811 17:31:42,25.0,18.0
20170811 17:32:50,25.0,24.0
20170811 17:33:50,25.0,24.0
20170811 17:34:51,25.0,29.0
20170811 17:35:51,25.0,29.0
20170811 17:37:10,25.0,25.0
20170811 17:38:13,25.0,29.0
20170811 17:39:16,25.0,29.0
20170811 17:40:16,25.0,29.0
20170811 17:41:17,25.0,29.0
20170811 17:42:18,25.0,29.0
20170811 17:43:18,25.0,30.0
20170811 17:44:29,25.0,29.0
20170811 17:45:32,25.0,30.0
20170811 17:46:40,25.0,29.0
20170811 17:47:41,25.0,29.0
20170811 17:48:41,25.0,31.0
20170811 17:49:42,25.0,31.0
20170811 17:50:42,25.0,31.0
20170811 17:51:43,25.0,32.0
20170811 17:52:43,25.0,32.0
20170811 17:53:47,25.0,32.0
20170811 17:54:50,25.0,32.0
20170811 17:55:50,25.0,31.0
20170811 17:56:51,25.0,32.0
20170811 17:57:51,25.0,32.0
20170811 17:58:52,25.0,33.0
20170811 17:59:52,25.0,33.0
20170811 18:00:53,25.0,33.0
20170811 18:01:54,25.0,33.0
20170811 18:02:54,25.0,33.0
20170811 18:04:00,25.0,33.0
20170811 18:05:00,25.0,30.0
20170811 18:06:04,25.0,36.0
20170811 18:07:04,25.0,35.0
20170811 18:08:07,25.0,37.0
20170811 18:09:08,25.0,36.0
20170811 18:10:11,25.0,38.0
20170811 18:11:11,25.0,37.0
20170811 18:12:22,25.0,38.0
20170811 18:13:23,25.0,37.0
20170811 18:14:23,25.0,39.0
20170811 18:15:24,25.0,39.0
20170811 18:16:24,25.0,39.0
20170811 18:17:25,25.0,40.0
20170811 18:18:26,25.0,40.0
20170811 18:19:26,25.0,40.0
20170811 18:20:27,25.0,40.0
20170811 18:21:30,25.0,41.0
20170811 18:22:30,25.0,40.0
20170811 18:23:31,25.0,41.0
20170811 18:24:32,25.0,41.0
20170811 18:25:32,25.0,41.0
20170811 18:26:33,25.0,41.0
20170811 18:27:33,25.0,41.0
20170811 18:28:36,25.0,41.0
20170811 18:29:39,25.0,41.0
20170811 18:30:40,25.0,42.0
20170811 18:31:41,25.0,40.0
20170811 18:32:49,25.0,40.0
20170811 18:33:49,25.0,41.0
20170811 18:34:55,25.0,41.0
20170811 18:36:01,25.0,41.0
20170811 18:37:01,25.0,41.0
20170811 18:38:04,25.0,42.0
20170811 18:39:10,25.0,42.0
20170811 18:40:18,25.0,41.0
20170811 18:41:19,25.0,41.0
20170811 18:42:19,25.0,42.0
20170811 18:43:20,25.0,42.0
20170811 18:44:20,25.0,42.0
20170811 18:45:23,25.0,42.0
20170811 18:46:26,25.0,42.0
20170811 18:47:27,25.0,42.0
20170811 18:48:30,25.0,42.0
20170811 18:49:33,25.0,42.0
20170811 18:50:34,25.0,42.0
20170811 18:51:34,25.0,42.0
20170811 18:52:42,25.0,42.0
20170811 18:53:43,25.0,42.0
20170811 18:54:51,25.0,42.0
20170811 18:55:52,25.0,42.0
20170811 18:56:52,25.0,42.0
20170811 18:57:53,25.0,42.0
20170811 18:58:56,25.0,42.0
20170811 18:59:56,25.0,41.0
20170811 19:00:57,25.0,42.0
20170811 19:01:58,25.0,42.0
20170811 19:02:58,25.0,42.0
20170811 19:04:01,25.0,42.0
20170811 19:05:02,25.0,42.0
20170811 19:06:02,25.0,42.0
20170811 19:07:03,25.0,41.0
20170811 19:08:04,25.0,42.0
20170811 19:09:04,25.0,42.0
20170811 19:10:05,25.0,42.0
20170811 19:11:08,25.0,42.0
20170811 19:12:11,25.0,42.0
20170811 19:13:12,25.0,42.0
20170811 19:14:12,25.0,42.0
20170811 19:15:15,25.0,42.0
20170811 19:16:16,25.0,42.0
20170811 19:17:16,25.0,42.0
20170811 19:18:20,25.0,42.0
20170811 19:19:23,25.0,42.0
20170811 19:20:26,25.0,42.0
20170811 19:21:26,25.0,42.0
20170811 19:22:27,25.0,42.0
20170811 19:23:30,25.0,42.0
20170811 19:24:33,25.0,42.0
20170811 19:25:44,25.0,42.0
20170811 19:26:49,25.0,42.0
20170811 19:27:52,25.0,42.0
20170811 19:28:53,25.0,42.0
20170811 19:29:59,25.0,42.0
20170811 19:31:04,25.0,42.0
20170811 19:32:05,25.0,41.0
20170811 19:33:08,25.0,42.0
20170811 19:34:08,25.0,42.0
20170811 19:35:22,25.0,41.0
20170811 19:36:30,25.0,42.0
20170811 19:37:30,25.0,41.0
20170811 19:38:31,25.0,42.0
20170811 19:39:31,25.0,42.0
20170811 19:40:39,25.0,41.0
20170811 19:41:40,25.0,41.0
20170811 19:42:43,25.0,42.0
20170811 19:43:44,25.0,42.0
20170811 19:44:44,25.0,42.0
20170811 19:45:45,25.0,42.0
20170811 19:46:50,25.0,42.0
20170811 19:47:53,25.0,42.0
20170811 19:48:54,25.0,42.0
20170811 19:49:55,25.0,42.0
20170811 19:51:00,25.0,42.0
20170811 19:52:01,25.0,42.0
20170811 19:53:01,25.0,42.0
20170811 19:54:02,25.0,42.0
20170811 19:55:03,25.0,42.0
20170811 19:56:03,25.0,42.0
20170811 19:57:11,25.0,41.0
20170811 19:58:12,25.0,41.0
20170811 19:59:12,25.0,42.0
20170811 20:00:21,25.0,42.0
20170811 20:01:24,25.0,41.0
20170811 20:02:24,25.0,42.0
20170811 20:03:25,25.0,42.0
20170811 20:04:25,25.0,42.0
20170811 20:05:31,25.0,42.0
20170811 20:06:32,25.0,42.0
20170811 20:07:32,25.0,42.0
20170811 20:08:38,25.0,42.0
20170811 20:09:38,25.0,42.0
20170811 20:10:49,25.0,40.0
20170811 20:11:49,25.0,41.0
20170811 20:12:53,25.0,42.0
20170811 20:13:53,25.0,42.0
20170811 20:14:56,25.0,42.0
20170811 20:15:57,25.0,42.0
20170811 20:17:00,25.0,42.0
20170811 20:18:08,25.0,42.0
20170811 20:19:09,25.0,42.0
20170811 20:20:09,25.0,42.0
20170811 20:21:10,25.0,42.0
20170811 20:22:10,25.0,42.0
20170811 20:23:11,25.0,42.0
20170811 20:24:14,25.0,42.0
20170811 20:25:22,25.0,42.0
20170811 20:26:23,25.0,42.0
20170811 20:27:23,25.0,42.0
20170811 20:28:29,25.0,42.0
20170811 20:29:34,25.0,42.0
20170811 20:30:40,25.0,42.0
20170811 20:31:48,25.0,42.0
20170811 20:32:49,25.0,42.0
20170811 20:33:54,25.0,42.0
20170811 20:34:58,25.0,41.0
20170811 20:35:58,25.0,42.0
20170811 20:36:59,25.0,42.0
20170811 20:38:02,25.0,42.0
20170811 20:39:05,25.0,42.0
20170811 20:40:05,25.0,42.0
20170811 20:41:06,25.0,42.0
20170811 20:42:06,25.0,42.0
20170811 20:43:10,25.0,42.0
20170811 20:44:13,25.0,42.0
20170811 20:45:13,25.0,42.0
20170811 20:46:14,25.0,42.0
20170811 20:47:14,25.0,42.0
20170811 20:48:15,25.0,42.0
20170811 20:49:18,25.0,42.0
20170811 20:50:19,25.0,42.0
20170811 20:51:22,25.0,42.0
20170811 20:52:25,25.0,42.0
20170811 20:53:28,25.0,42.0
20170811 20:54:29,25.0,42.0
20170811 20:55:29,25.0,42.0
20170811 20:56:30,25.0,42.0
20170811 20:57:30,25.0,41.0
20170811 20:58:31,25.0,42.0
20170811 20:59:37,25.0,42.0
20170811 21:00:40,25.0,42.0
20170811 21:01:43,25.0,42.0
20170811 21:02:43,25.0,42.0
20170811 21:03:44,25.0,42.0
20170811 21:04:44,25.0,42.0
20170811 21:05:50,25.0,42.0
20170811 21:06:53,25.0,42.0
20170811 21:07:54,25.0,42.0
20170811 21:08:54,25.0,42.0
20170811 21:09:57,25.0,42.0
20170811 21:10:58,25.0,42.0
20170811 21:12:01,25.0,42.0
20170811 21:13:04,25.0,42.0
20170811 21:14:05,25.0,42.0
20170811 21:15:08,25.0,42.0
20170811 21:16:11,25.0,42.0
20170811 21:17:14,25.0,42.0
20170811 21:18:15,25.0,42.0
20170811 21:19:15,25.0,42.0
20170811 21:20:23,25.0,42.0
20170811 21:21:26,25.0,42.0
20170811 21:22:27,25.0,42.0
20170811 21:23:27,25.0,42.0
20170811 21:24:28,25.0,42.0
20170811 21:25:29,25.0,42.0
20170811 21:26:29,25.0,42.0
20170811 21:27:30,25.0,42.0
20170811 21:28:38,25.0,42.0
20170811 21:29:38,25.0,42.0
20170811 21:30:47,25.0,42.0
20170811 21:31:50,25.0,42.0
20170811 21:32:50,25.0,42.0
20170811 21:33:51,25.0,42.0
20170811 21:34:56,25.0,42.0
20170811 21:36:00,25.0,41.0
20170811 21:37:00,25.0,42.0
20170811 21:38:01,25.0,42.0
20170811 21:39:16,25.0,42.0
20170811 21:40:19,25.0,42.0
20170811 21:41:23,25.0,42.0
20170811 21:42:28,25.0,42.0
20170811 21:43:29,25.0,42.0
20170811 21:44:29,25.0,42.0
20170811 21:45:30,25.0,42.0
20170811 21:46:30,25.0,42.0
20170811 21:47:31,25.0,42.0
20170811 21:48:32,25.0,42.0
20170811 21:49:32,25.0,42.0
20170811 21:50:40,25.0,42.0
20170811 21:51:46,25.0,42.0
20170811 21:52:46,25.0,42.0
20170811 21:53:52,25.0,42.0
20170811 21:54:53,25.0,42.0
20170811 21:55:53,25.0,42.0
20170811 21:56:54,25.0,42.0
20170811 21:57:54,25.0,42.0
20170811 21:58:55,25.0,42.0
20170811 21:59:58,25.0,42.0
20170811 22:01:04,25.0,42.0
20170811 22:02:12,25.0,42.0
20170811 22:03:17,25.0,42.0
20170811 22:04:21,25.0,42.0
20170811 22:05:24,25.0,42.0
20170811 22:06:24,25.0,42.0
20170811 22:07:25,25.0,42.0
20170811 22:08:25,25.0,42.0
20170811 22:09:26,25.0,42.0
20170811 22:10:31,25.0,42.0
20170811 22:11:32,25.0,42.0
20170811 22:12:33,25.0,42.0
20170811 22:13:36,25.0,42.0
20170811 22:14:39,25.0,42.0
20170811 22:15:42,25.0,42.0
20170811 22:16:45,25.0,42.0
20170811 22:17:45,25.0,42.0
20170811 22:18:46,25.0,42.0
20170811 22:19:52,25.0,42.0
20170811 22:20:52,25.0,42.0
20170811 22:21:58,25.0,42.0
20170811 22:22:58,25.0,42.0
20170811 22:23:59,25.0,42.0
20170811 22:25:02,25.0,43.0
20170811 22:26:03,25.0,42.0
20170811 22:27:03,25.0,42.0
20170811 22:28:09,25.0,42.0
20170811 22:29:14,25.0,42.0
20170811 22:30:15,25.0,42.0
20170811 22:31:18,25.0,42.0
20170811 22:32:19,25.0,42.0
20170811 22:33:19,25.0,42.0
20170811 22:34:20,25.0,42.0
20170811 22:35:23,25.0,42.0
20170811 22:36:26,25.0,42.0
20170811 22:37:27,25.0,42.0
20170811 22:38:27,25.0,42.0
20170811 22:39:33,25.0,42.0
20170811 22:40:36,25.0,42.0
20170811 22:41:36,25.0,42.0
20170811 22:42:42,25.0,42.0
20170811 22:43:43,25.0,42.0
20170811 22:44:46,25.0,42.0
20170811 22:45:51,25.0,42.0
20170811 22:46:54,25.0,42.0
20170811 22:47:55,25.0,42.0
20170811 22:48:56,25.0,42.0
20170811 22:49:56,25.0,42.0
20170811 22:50:57,25.0,42.0
20170811 22:51:57,25.0,42.0
20170811 22:53:00,25.0,42.0
20170811 22:54:01,25.0,42.0
20170811 22:55:12,25.0,42.0
20170811 22:56:12,25.0,42.0
20170811 22:57:20,25.0,42.0
20170811 22:58:21,25.0,42.0
20170811 22:59:21,25.0,42.0
20170811 23:00:27,25.0,42.0
20170811 23:01:30,25.0,42.0
20170811 23:02:31,25.0,42.0
20170811 23:03:31,25.0,42.0
20170811 23:04:32,25.0,42.0
20170811 23:05:32,25.0,42.0
20170811 23:06:33,25.0,42.0
20170811 23:07:34,25.0,42.0
20170811 23:08:34,25.0,42.0
20170811 23:09:35,25.0,42.0
20170811 23:10:35,25.0,41.0
20170811 23:11:36,25.0,42.0
20170811 23:12:39,25.0,42.0
20170811 23:13:45,25.0,42.0
20170811 23:14:45,25.0,42.0
20170811 23:15:48,25.0,42.0
20170811 23:16:54,25.0,42.0
20170811 23:17:54,25.0,42.0
20170811 23:18:58,25.0,42.0
20170811 23:19:58,25.0,42.0
20170811 23:21:04,25.0,42.0
20170811 23:22:07,25.0,42.0
20170811 23:23:15,25.0,42.0
20170811 23:24:16,25.0,42.0
20170811 23:25:16,25.0,42.0
20170811 23:26:17,25.0,42.0
20170811 23:27:17,25.0,42.0
20170811 23:28:18,25.0,42.0
20170811 23:29:21,25.0,42.0
20170811 23:30:24,25.0,42.0
20170811 23:31:25,25.0,42.0
20170811 23:32:25,25.0,42.0
20170811 23:33:28,25.0,42.0
20170811 23:34:42,25.0,42.0
20170811 23:35:42,25.0,42.0
20170811 23:36:43,25.0,42.0
20170811 23:37:43,25.0,42.0
20170811 23:38:44,25.0,42.0
20170811 23:39:47,25.0,42.0
20170811 23:40:47,25.0,42.0
20170811 23:41:48,25.0,42.0
20170811 23:42:49,25.0,42.0
20170811 23:43:49,25.0,42.0
20170811 23:44:50,25.0,42.0
20170811 23:45:53,25.0,42.0
20170811 23:46:53,25.0,42.0
20170811 23:47:54,25.0,42.0
20170811 23:48:55,25.0,42.0
20170811 23:49:58,25.0,42.0
20170811 23:51:06,25.0,42.0
20170811 23:52:14,25.0,42.0
20170811 23:53:15,25.0,42.0
20170811 23:54:28,25.0,42.0
20170811 23:55:28,25.0,42.0
20170811 23:56:36,25.0,42.0
20170811 23:57:37,25.0,42.0
20170811 23:58:37,25.0,42.0
20170811 23:59:41,25.0,42.0
20170812 00:00:44,25.0,42.0
20170812 00:01:47,25.0,42.0
20170812 00:02:47,25.0,42.0
20170812 00:03:50,25.0,42.0
20170812 00:04:51,25.0,42.0
20170812 00:05:59,25.0,42.0
20170812 00:07:00,25.0,42.0
20170812 00:08:00,25.0,42.0
20170812 00:09:03,25.0,41.0
20170812 00:10:09,25.0,42.0
20170812 00:11:09,25.0,42.0
20170812 00:12:10,25.0,42.0
20170812 00:13:16,25.0,42.0
20170812 00:14:16,25.0,42.0
20170812 00:15:17,25.0,42.0
20170812 00:16:17,25.0,42.0
20170812 00:17:31,25.0,42.0
20170812 00:18:31,25.0,42.0
20170812 00:19:32,25.0,42.0
20170812 00:20:35,25.0,42.0
20170812 00:21:38,25.0,41.0
20170812 00:22:38,25.0,42.0
20170812 00:23:39,25.0,42.0
20170812 00:24:40,25.0,42.0
20170812 00:25:40,25.0,42.0
20170812 00:26:41,25.0,42.0
20170812 00:27:46,25.0,42.0
20170812 00:28:49,25.0,42.0
20170812 00:29:50,25.0,42.0
20170812 00:30:50,25.0,41.0
20170812 00:31:51,25.0,42.0
20170812 00:32:51,25.0,42.0
20170812 00:33:54,25.0,42.0
20170812 00:34:55,25.0,42.0
20170812 00:35:56,25.0,42.0
20170812 00:37:06,25.0,42.0
20170812 00:38:12,25.0,42.0
20170812 00:39:17,25.0,42.0
20170812 00:40:23,25.0,42.0
20170812 00:41:26,25.0,42.0
20170812 00:42:27,25.0,42.0
20170812 00:43:27,25.0,42.0
20170812 00:44:30,25.0,42.0
20170812 00:45:31,25.0,42.0
20170812 00:46:31,25.0,42.0
20170812 00:47:35,25.0,42.0
20170812 00:48:35,25.0,42.0
20170812 00:49:36,25.0,42.0
20170812 00:50:39,25.0,42.0
20170812 00:51:42,25.0,42.0
20170812 00:52:47,25.0,42.0
20170812 00:53:48,25.0,42.0
20170812 00:54:51,25.0,42.0
20170812 00:55:59,25.0,42.0
20170812 00:57:00,25.0,42.0
20170812 00:58:00,25.0,42.0
20170812 00:59:01,25.0,42.0
20170812 01:00:09,25.0,42.0
20170812 01:01:10,25.0,41.0
20170812 01:02:10,25.0,42.0
20170812 01:03:13,25.0,42.0
20170812 01:04:16,25.0,42.0
20170812 01:05:17,25.0,42.0
20170812 01:06:18,25.0,42.0
20170812 01:07:18,25.0,42.0
20170812 01:08:21,25.0,42.0
20170812 01:09:22,25.0,42.0
20170812 01:10:27,25.0,42.0
20170812 01:11:28,25.0,42.0
20170812 01:12:29,25.0,42.0
20170812 01:13:29,25.0,42.0
20170812 01:14:32,25.0,42.0
20170812 01:15:35,25.0,42.0
20170812 01:16:38,25.0,42.0
20170812 01:17:41,25.0,42.0
20170812 01:18:47,25.0,42.0
20170812 01:19:53,25.0,42.0
20170812 01:20:56,25.0,42.0
20170812 01:21:59,25.0,42.0
20170812 01:23:04,25.0,42.0
20170812 01:24:10,25.0,42.0
20170812 01:25:11,25.0,42.0
20170812 01:26:11,25.0,42.0
20170812 01:27:12,25.0,42.0
20170812 01:28:15,25.0,41.0
20170812 01:29:15,25.0,40.0
20170812 01:30:24,25.0,41.0
20170812 01:31:27,25.0,42.0
20170812 01:32:27,25.0,40.0
20170812 01:33:33,25.0,42.0
20170812 01:34:33,25.0,42.0
20170812 01:35:39,25.0,41.0
20170812 01:36:42,25.0,42.0
20170812 01:37:45,25.0,41.0
20170812 01:38:51,25.0,41.0
20170812 01:39:56,25.0,42.0
20170812 01:40:57,25.0,42.0
20170812 01:41:57,25.0,42.0
20170812 01:42:58,25.0,42.0
20170812 01:44:04,25.0,42.0
20170812 01:45:07,25.0,42.0
20170812 01:46:07,25.0,42.0
20170812 01:47:08,25.0,42.0
20170812 01:48:08,25.0,42.0
20170812 01:49:09,25.0,42.0
20170812 01:50:10,25.0,42.0
20170812 01:51:10,25.0,42.0
20170812 01:52:11,25.0,42.0
20170812 01:53:11,25.0,42.0
20170812 01:54:14,25.0,42.0
20170812 01:55:23,25.0,41.0
20170812 01:56:23,25.0,40.0
20170812 01:57:26,25.0,42.0
20170812 01:58:27,25.0,42.0
20170812 01:59:32,25.0,41.0
20170812 02:00:36,25.0,42.0
20170812 02:01:39,25.0,42.0
20170812 02:02:49,25.0,41.0
20170812 02:03:52,25.0,42.0
20170812 02:04:55,25.0,42.0
20170812 02:05:56,25.0,41.0
20170812 02:06:57,25.0,42.0
20170812 02:08:07,25.0,41.0
20170812 02:09:08,25.0,41.0
20170812 02:10:08,25.0,42.0
20170812 02:11:11,25.0,42.0
20170812 02:12:12,25.0,42.0
20170812 02:13:13,25.0,42.0
20170812 02:14:16,25.0,42.0
20170812 02:15:29,25.0,41.0
20170812 02:16:29,25.0,41.0
20170812 02:17:30,25.0,42.0
20170812 02:18:43,25.0,42.0
20170812 02:19:46,25.0,42.0
20170812 02:20:47,25.0,41.0
20170812 02:21:50,25.0,42.0
20170812 02:22:50,25.0,41.0
20170812 02:23:51,25.0,42.0
20170812 02:24:57,25.0,41.0
20170812 02:26:00,25.0,42.0
20170812 02:27:00,25.0,41.0
20170812 02:28:01,25.0,42.0
20170812 02:29:01,25.0,42.0
20170812 02:30:04,25.0,42.0
20170812 02:31:10,25.0,41.0
20170812 02:32:13,25.0,42.0
20170812 02:33:14,25.0,41.0
20170812 02:34:22,25.0,41.0
20170812 02:35:27,25.0,41.0
20170812 02:36:31,25.0,42.0
20170812 02:37:34,25.0,42.0
20170812 02:38:34,25.0,42.0
20170812 02:39:35,25.0,42.0
20170812 02:40:38,25.0,42.0
20170812 02:41:41,25.0,42.0
20170812 02:42:42,25.0,41.0
20170812 02:43:45,25.0,42.0
20170812 02:44:45,25.0,41.0
20170812 02:45:46,25.0,42.0
20170812 02:46:49,25.0,42.0
20170812 02:47:49,25.0,41.0
20170812 02:48:58,25.0,41.0
20170812 02:49:58,25.0,41.0
20170812 02:50:59,25.0,42.0
20170812 02:51:59,25.0,42.0
20170812 02:53:05,25.0,42.0
20170812 02:54:05,25.0,41.0
20170812 02:55:09,25.0,42.0
20170812 02:56:12,25.0,42.0
20170812 02:57:15,25.0,40.0
20170812 02:58:23,25.0,41.0
20170812 02:59:29,25.0,41.0
20170812 03:00:32,25.0,42.0
20170812 03:01:37,25.0,40.0
20170812 03:02:38,25.0,42.0
20170812 03:03:38,25.0,40.0
20170812 03:04:39,25.0,42.0
20170812 03:05:39,25.0,42.0
20170812 03:06:43,25.0,42.0
20170812 03:07:43,25.0,41.0
20170812 03:08:44,25.0,42.0
20170812 03:09:44,25.0,42.0
20170812 03:10:50,25.0,41.0
20170812 03:11:50,25.0,41.0
20170812 03:12:51,25.0,41.0
20170812 03:13:52,25.0,41.0
20170812 03:14:52,25.0,41.0
20170812 03:15:58,25.0,41.0
20170812 03:16:58,25.0,41.0
20170812 03:17:59,25.0,42.0
20170812 03:18:59,25.0,41.0
20170812 03:20:00,25.0,41.0
20170812 03:21:06,25.0,41.0
20170812 03:22:06,25.0,41.0
20170812 03:23:07,25.0,41.0
20170812 03:24:10,25.0,42.0
20170812 03:25:10,25.0,41.0
20170812 03:26:11,25.0,41.0
20170812 03:27:11,25.0,41.0
20170812 03:28:12,25.0,41.0
20170812 03:29:15,25.0,41.0
20170812 03:30:16,25.0,41.0
20170812 03:31:24,25.0,41.0
20170812 03:32:24,25.0,41.0
20170812 03:33:25,25.0,41.0
20170812 03:34:25,25.0,41.0
20170812 03:35:26,25.0,41.0
20170812 03:36:26,25.0,41.0
20170812 03:37:30,25.0,41.0
20170812 03:38:35,25.0,41.0
20170812 03:39:36,25.0,41.0
20170812 03:40:36,25.0,41.0
20170812 03:41:37,25.0,41.0
20170812 03:42:42,25.0,41.0
20170812 03:43:43,25.0,41.0
20170812 03:44:44,25.0,41.0
20170812 03:45:49,25.0,41.0
20170812 03:46:55,25.0,41.0
20170812 03:47:55,25.0,40.0
20170812 03:48:58,25.0,41.0
20170812 03:49:59,25.0,40.0
20170812 03:50:59,25.0,41.0
20170812 03:52:03,25.0,41.0
20170812 03:53:03,25.0,41.0
20170812 03:54:04,25.0,41.0
20170812 03:55:07,25.0,41.0
20170812 03:56:07,25.0,41.0
20170812 03:57:08,25.0,41.0
20170812 03:58:08,25.0,41.0
20170812 03:59:11,25.0,41.0
20170812 04:00:12,25.0,41.0
20170812 04:01:15,25.0,41.0
20170812 04:02:16,25.0,40.0
20170812 04:03:21,25.0,41.0
20170812 04:04:22,25.0,40.0
20170812 04:05:25,25.0,41.0
20170812 04:06:28,25.0,41.0
20170812 04:07:34,25.0,41.0
20170812 04:08:34,25.0,41.0
20170812 04:09:42,25.0,41.0
20170812 04:10:43,25.0,40.0
20170812 04:11:43,25.0,41.0
20170812 04:12:44,25.0,41.0
20170812 04:13:45,25.0,41.0
20170812 04:14:53,25.0,41.0
20170812 04:15:53,25.0,41.0
20170812 04:16:56,25.0,41.0
20170812 04:18:10,25.0,40.0
20170812 04:19:10,25.0,39.0
20170812 04:20:11,25.0,41.0
20170812 04:21:11,25.0,41.0
20170812 04:22:12,25.0,41.0
20170812 04:23:12,25.0,39.0
20170812 04:24:15,25.0,41.0
20170812 04:25:16,25.0,41.0
20170812 04:26:19,25.0,41.0
20170812 04:27:20,25.0,41.0
20170812 04:28:20,25.0,41.0
20170812 04:29:26,25.0,41.0
20170812 04:30:26,25.0,40.0
20170812 04:31:30,25.0,41.0
20170812 04:32:38,25.0,40.0
20170812 04:33:41,25.0,41.0
20170812 04:34:41,25.0,40.0
20170812 04:35:42,25.0,41.0
20170812 04:36:45,25.0,41.0
20170812 04:37:46,25.0,40.0
20170812 04:38:46,25.0,41.0
20170812 04:39:47,25.0,41.0
20170812 04:40:55,25.0,40.0
20170812 04:41:55,25.0,40.0
20170812 04:42:56,25.0,41.0
20170812 04:43:57,25.0,41.0
20170812 04:44:57,25.0,41.0
20170812 04:46:00,25.0,41.0
20170812 04:47:01,25.0,40.0
20170812 04:48:01,25.0,41.0
20170812 04:49:02,25.0,41.0
20170812 04:50:05,25.0,41.0
20170812 04:51:06,25.0,41.0
20170812 04:52:06,25.0,42.0
20170812 04:53:09,25.0,42.0
20170812 04:54:15,25.0,41.0
20170812 04:55:21,25.0,41.0
20170812 04:56:21,25.0,41.0
20170812 04:57:37,25.0,41.0
20170812 04:58:40,25.0,42.0
20170812 04:59:43,25.0,41.0
20170812 05:00:44,25.0,41.0
20170812 05:01:49,25.0,41.0
20170812 05:02:52,25.0,41.0
20170812 05:03:53,25.0,41.0
20170812 05:04:58,25.0,41.0
20170812 05:06:07,25.0,41.0
20170812 05:07:07,25.0,41.0
20170812 05:08:18,25.0,41.0
20170812 05:09:18,25.0,41.0
20170812 05:10:19,25.0,42.0
20170812 05:11:19,25.0,41.0
20170812 05:12:20,25.0,42.0
20170812 05:13:26,25.0,41.0
20170812 05:14:26,25.0,41.0
20170812 05:15:32,25.0,41.0
20170812 05:16:32,25.0,41.0
20170812 05:17:35,25.0,42.0
20170812 05:18:36,25.0,42.0
20170812 05:19:37,25.0,40.0
20170812 05:20:37,25.0,42.0
20170812 05:21:38,25.0,42.0
20170812 05:22:38,25.0,42.0
20170812 05:23:41,25.0,42.0
20170812 05:24:42,25.0,41.0
20170812 05:25:43,25.0,42.0
20170812 05:26:46,25.0,42.0
20170812 05:27:46,25.0,41.0
20170812 05:28:54,25.0,39.0
20170812 05:30:03,25.0,41.0
20170812 05:31:06,25.0,41.0
20170812 05:32:06,25.0,41.0
20170812 05:33:07,25.0,41.0
20170812 05:34:07,25.0,41.0
20170812 05:35:10,25.0,41.0
20170812 05:36:11,25.0,41.0
20170812 05:37:19,25.0,41.0
20170812 05:38:20,25.0,41.0
20170812 05:39:30,25.0,39.0
20170812 05:40:31,25.0,40.0
20170812 05:41:31,25.0,41.0
20170812 05:42:35,25.0,41.0
20170812 05:43:35,25.0,41.0
20170812 05:44:38,25.0,41.0
20170812 05:45:39,25.0,41.0
20170812 05:46:44,25.0,40.0
20170812 05:47:47,25.0,41.0
20170812 05:48:53,25.0,41.0
20170812 05:49:54,25.0,40.0
20170812 05:50:57,25.0,41.0
20170812 05:51:57,25.0,41.0
20170812 05:52:58,25.0,41.0
20170812 05:53:58,25.0,41.0
20170812 05:54:59,25.0,41.0
20170812 05:56:02,25.0,41.0
20170812 05:57:03,25.0,41.0
20170812 05:58:06,25.0,41.0
20170812 05:59:06,25.0,41.0
20170812 06:00:07,25.0,41.0
20170812 06:01:13,25.0,40.0
20170812 06:02:23,25.0,40.0
20170812 06:03:24,25.0,40.0
20170812 06:04:24,25.0,40.0
20170812 06:05:30,25.0,40.0
20170812 06:06:33,25.0,40.0
20170812 06:07:34,25.0,40.0
20170812 06:08:34,25.0,40.0
20170812 06:09:37,25.0,40.0
20170812 06:10:38,25.0,40.0
20170812 06:11:38,25.0,40.0
20170812 06:12:42,25.0,40.0
20170812 06:13:42,25.0,40.0
20170812 06:14:45,25.0,41.0
20170812 06:15:48,25.0,41.0
20170812 06:16:51,25.0,41.0
20170812 06:17:54,25.0,41.0
20170812 06:18:55,25.0,41.0
20170812 06:19:56,25.0,39.0
20170812 06:21:01,25.0,35.0
20170812 06:22:02,25.0,34.0
20170812 06:23:12,24.0,33.0
20170812 06:24:16,24.0,33.0
20170812 06:25:16,24.0,32.0
20170812 06:26:19,24.0,34.0
20170812 06:27:20,24.0,33.0
20170812 06:28:25,24.0,32.0
20170812 06:29:26,24.0,31.0
20170812 06:30:26,24.0,32.0
20170812 06:31:27,24.0,31.0
20170812 06:32:28,24.0,32.0
20170812 06:33:31,24.0,30.0
20170812 06:34:31,24.0,30.0
20170812 06:35:32,24.0,30.0
20170812 06:36:38,24.0,30.0
20170812 06:37:41,24.0,30.0
20170812 06:38:41,24.0,30.0
20170812 06:39:44,24.0,30.0
20170812 06:40:45,24.0,30.0
20170812 06:41:50,24.0,30.0
20170812 06:42:51,24.0,28.0
20170812 06:44:17,24.0,25.0
20170812 06:45:17,24.0,25.0
20170812 06:46:18,24.0,30.0
20170812 06:47:19,24.0,30.0
20170812 06:48:29,24.0,30.0
20170812 06:49:32,24.0,30.0
20170812 06:50:33,24.0,30.0
20170812 06:51:38,24.0,30.0
20170812 06:52:39,24.0,28.0
20170812 06:53:40,24.0,30.0
20170812 06:54:40,24.0,30.0
20170812 06:55:48,24.0,30.0
20170812 06:56:49,24.0,30.0
20170812 06:57:49,24.0,30.0
20170812 06:58:58,24.0,30.0
20170812 07:00:08,24.0,30.0
20170812 07:01:09,24.0,30.0
20170812 07:02:12,23.0,31.0
20170812 07:03:17,24.0,30.0
20170812 07:04:18,24.0,23.0
20170812 07:05:24,24.0,30.0
20170812 07:06:24,24.0,30.0
20170812 07:07:25,24.0,31.0
20170812 07:08:28,24.0,30.0
20170812 07:09:36,24.0,25.0
20170812 07:10:36,23.0,25.0
20170812 07:11:40,23.0,21.0
20170812 07:12:45,24.0,30.0
20170812 07:13:51,24.0,30.0
20170812 07:14:51,24.0,30.0
20170812 07:15:59,24.0,28.0
20170812 07:17:00,24.0,26.0
20170812 07:18:00,24.0,30.0
20170812 07:19:06,24.0,30.0
20170812 07:20:07,24.0,29.0
20170812 07:21:10,24.0,30.0
20170812 07:22:10,24.0,28.0
