dt,wdays,rainfall
1980-01-05,5,1.000
1980-01-06,1,6.000
1980-01-09,3,0.800
1980-01-12,3,5.200
1980-01-13,1,7.000
1980-01-15,2,23.800
1980-01-16,1,16.200
1980-01-17,1,0.400
1980-01-18,1,2.200
1980-01-20,2,0.200
1980-01-22,2,0.200
1980-01-23,1,3.600
1980-01-24,1,0.600
1980-01-26,2,0.600
1980-02-01,6,3.600
1980-02-03,2,1.200
1980-02-06,3,0.200
1980-02-07,1,0.200
1980-02-08,1,0.200
1980-02-10,2,0.200
1980-02-13,3,0.200
1980-02-14,1,1.000
1980-02-15,1,0.200
1980-03-07,21,7.400
1980-03-08,1,19.000
1980-03-09,1,5.400
1980-03-13,4,0.600
1980-03-14,1,33.200
1980-03-15,1,4.600
1980-03-16,1,16.800
1980-03-17,1,0.200
1980-03-20,3,12.800
1980-03-21,1,2.200
1980-03-22,1,3.400
1980-03-23,1,35.600
1980-03-24,1,3.200
1980-03-25,1,0.200
1980-03-26,1,0.600
1980-03-27,1,4.200
1980-04-09,13,2.800
1980-04-20,11,6.600
1980-04-21,1,7.200
1980-04-22,1,0.600
1980-04-27,5,5.400
1980-05-01,4,1.400
1980-05-02,1,0.400
1980-05-04,2,1.200
1980-05-05,1,11.000
1980-05-06,1,3.200
1980-05-07,1,1.000
1980-05-08,1,0.200
1980-05-09,1,0.400
1980-05-11,2,0.600
1980-05-14,3,3.600
1980-05-15,1,7.400
1980-05-16,1,3.800
1980-05-17,1,6.000
1980-05-19,2,1.600
1980-05-21,2,0.200
1980-05-23,2,9.000
1980-05-24,1,1.400
1980-05-26,2,4.200
1980-05-27,1,31.600
1980-05-28,1,13.000
1980-05-29,1,3.200
1980-05-30,1,5.200
1980-05-31,1,0.400
1980-06-08,8,4.200
1980-06-09,1,1.800
1980-06-10,1,28.400
1980-06-11,1,1.000
1980-06-24,13,5.800
1980-06-25,1,0.200
1980-06-28,3,2.000
1980-07-17,19,4.400
1980-07-21,4,9.400
1980-08-09,19,9.000
1980-08-16,7,0.800
1980-08-17,1,13.000
1980-08-28,11,3.800
1980-09-07,10,2.000
1980-09-10,3,3.600
1980-09-11,1,1.800
1980-09-22,11,0.400
1980-09-23,1,7.600
1980-10-09,16,1.000
1980-10-10,1,18.800
1980-10-11,1,9.600
1980-10-12,1,29.400
1980-10-15,3,0.800
1980-10-16,1,29.800
1980-10-17,1,43.000
1980-10-18,1,15.200
1980-10-19,1,12.400
1980-10-20,1,1.400
1980-10-25,5,14.000
1980-10-26,1,9.600
1980-11-04,8,10.400
1980-11-05,1,25.000
1980-11-06,1,10.400
1980-11-07,1,0.200
1980-11-09,2,5.200
1980-11-10,1,10.200
1980-11-13,3,4.600
1980-11-14,1,0.200
1980-11-15,1,0.200
1980-11-19,4,4.400
1980-11-20,1,0.200
1980-11-25,5,0.200
1980-11-27,2,25.400
1980-11-28,1,37.600
1980-11-29,1,2.200
1980-12-03,4,3.000
1980-12-04,1,5.000
1980-12-16,12,7.800
1980-12-17,1,9.600
1980-12-19,2,11.000
1980-12-20,1,5.200
1980-12-27,7,10.000
1981-01-13,17,5.800
1981-01-14,1,0.600
1981-01-21,7,1.000
1981-02-12,22,7.200
1981-03-02,18,2.400
1981-03-03,1,0.800
1981-03-04,1,5.600
1981-03-07,3,0.600
1981-03-13,6,0.800
1981-03-16,3,1.600
1981-03-18,2,0.400
1981-03-30,12,3.000
1981-03-31,1,16.400
1981-04-01,1,3.000
1981-04-02,1,0.800
1981-04-08,6,0.200
1981-04-20,12,2.000
1981-04-21,1,11.600
1981-04-23,2,0.800
1981-04-24,1,2.800
1981-04-25,1,20.400
1981-04-27,2,20.400
1981-04-28,1,1.400
1981-05-03,5,0.800
1981-05-04,1,16.000
1981-05-05,1,14.800
1981-05-11,6,20.600
1981-05-12,1,0.400
1981-05-14,2,0.200
1981-05-23,9,0.400
1981-05-27,4,3.600
1981-06-18,22,13.000
1981-06-19,1,1.000
1981-06-22,3,1.200
1981-06-23,1,30.400
1981-06-24,1,2.800
1981-06-25,1,0.200
1981-06-26,1,8.600
1981-06-27,1,5.600
1981-06-29,2,20.000
1981-07-03,4,1.200
1981-07-04,1,0.400
1981-07-14,10,8.600
1981-07-19,5,20.000
1981-07-25,6,6.200
1981-07-26,1,2.800
1981-07-27,1,0.200
1981-08-11,15,1.000
1981-08-12,1,0.200
1981-08-17,5,13.200
1981-08-18,1,2.600
1981-08-21,3,4.400
1981-09-04,14,53.000
1981-09-05,1,3.000
1981-09-10,5,1.600
1981-09-11,1,43.200
1981-09-22,11,2.000
1981-09-24,2,22.200
1981-09-25,1,8.200
1981-09-27,2,10.400
1981-09-28,1,7.400
1981-09-29,1,8.000
1981-10-01,2,4.400
1981-10-02,1,19.200
1981-10-03,1,8.400
1981-10-04,1,3.000
1981-10-22,18,5.600
1981-10-24,2,2.600
1981-10-26,1,1.800
1981-10-27,1,39.000
1981-10-28,1,0.400
1981-12-13,46,1.400
1981-12-14,1,0.600
1981-12-18,4,0.800
1981-12-19,1,35.000
1981-12-20,1,0.400
1981-12-22,2,17.400
1981-12-25,3,6.800
1981-12-29,4,8.400
1981-12-30,1,3.000
1981-12-31,1,0.200
1982-01-01,1,3.000
1982-01-02,1,2.800
1982-01-11,9,4.600
1982-01-12,1,1.400
1982-01-13,1,1.600
1982-01-25,12,0.200
1982-01-28,3,15.400
1982-02-14,17,0.200
1982-02-15,1,4.800
1982-02-16,1,4.000
1982-02-17,1,8.600
1982-02-18,1,3.200
1982-02-19,1,0.200
1982-02-24,5,1.200
1982-03-05,9,16.400
1982-03-06,1,4.400
1982-03-08,2,13.400
1982-03-09,1,0.400
1982-03-13,4,3.000
1982-03-14,1,0.200
1982-03-18,4,5.600
1982-03-19,1,1.200
1982-03-21,2,19.400
1982-03-28,7,3.000
1982-03-30,2,3.200
1982-03-31,1,2.400
1982-04-14,14,7.000
1982-04-16,2,4.400
1982-04-30,14,7.600
1982-05-01,1,11.200
1982-05-05,4,0.400
1982-05-06,1,6.400
1982-05-07,1,0.600
1982-05-08,1,6.600
1982-05-09,1,33.800
1982-05-24,15,0.400
1982-05-25,1,0.800
1982-06-11,17,3.200
1982-06-12,1,5.600
1982-06-13,1,0.800
1982-06-14,1,7.000
1982-07-12,28,0.200
1982-07-14,2,2.400
1982-07-18,4,0.200
1982-07-19,1,0.800
1982-07-20,1,17.600
1982-07-24,4,5.200
1982-07-25,1,3.000
1982-07-28,3,23.400
1982-07-29,1,0.400
1982-08-08,10,22.800
1982-08-09,1,3.200
1982-08-21,12,0.400
1982-08-22,1,50.600
1982-08-25,3,0.200
1982-08-28,3,35.400
1982-08-29,1,5.800
1982-08-30,1,0.200
1982-09-02,3,3.400
1982-09-07,5,6.600
1982-09-08,1,7.600
1982-09-09,1,0.800
1982-09-22,13,7.200
1982-10-01,9,20.800
1982-10-05,4,2.000
1982-10-06,1,33.000
1982-10-08,2,11.400
1982-10-09,1,15.600
1982-10-11,2,0.200
1982-10-12,1,13.200
1982-10-14,2,1.400
1982-10-17,3,1.000
1982-10-18,1,6.600
1982-10-19,1,17.000
1982-10-20,1,2.400
1982-10-23,3,28.200
1982-10-24,1,1.600
1982-10-25,1,8.400
1982-11-09,14,23.800
1982-11-10,1,4.800
1982-11-13,3,2.000
1982-11-14,1,36.000
1982-11-15,1,0.200
1982-11-16,1,16.800
1982-11-26,10,1.800
1982-11-28,2,7.400
1982-11-29,1,21.400
1982-11-30,1,9.000
1982-12-01,1,8.000
1982-12-02,1,19.200
1982-12-03,1,10.200
1982-12-05,2,0.200
1982-12-07,2,1.600
1982-12-09,2,4.800
1982-12-10,1,0.200
1982-12-11,1,7.400
1982-12-13,2,3.600
1982-12-18,5,1.400
1983-01-06,19,0.200
1983-01-08,2,0.800
1983-01-09,1,7.800
1983-01-13,4,0.200
1983-01-14,1,8.400
1983-01-15,1,3.000
1983-01-20,5,5.000
1983-01-30,10,0.200
1983-01-31,1,0.200
1983-02-06,6,0.200
1983-02-07,1,1.200
1983-02-09,2,2.400
1983-02-11,2,1.600
1983-02-12,1,0.200
1983-02-13,1,0.800
1983-02-14,1,3.200
1983-02-27,13,2.800
1983-02-28,1,1.600
1983-03-02,2,2.200
1983-03-13,11,0.200
1983-03-16,3,24.800
1983-03-17,1,22.000
1983-03-25,8,25.200
1983-03-26,1,1.200
1983-03-29,3,23.000
1983-03-30,1,13.000
1983-04-02,3,2.800
1983-04-03,1,0.400
1983-04-05,2,6.600
1983-04-13,8,0.200
1983-04-18,5,0.200
1983-04-19,1,3.400
1983-04-22,3,16.800
1983-04-24,2,0.200
1983-04-26,2,1.000
1983-04-27,1,2.200
1983-04-29,2,2.000
1983-05-08,9,0.400
1983-05-09,1,0.200
1983-05-15,6,3.400
1983-05-22,7,3.400
1983-05-23,1,3.600
1983-05-24,1,0.400
1983-05-25,1,8.400
1983-05-27,2,7.200
1983-05-28,1,5.600
1983-06-14,17,0.600
1983-06-18,4,12.800
1983-06-19,1,0.600
1983-06-20,1,1.000
1983-06-21,1,1.200
1983-06-26,5,5.600
1983-06-28,2,2.000
1983-06-29,1,34.000
1983-07-02,3,0.400
1983-07-06,4,1.600
1983-07-07,1,10.600
1983-07-12,5,4.000
1983-08-11,30,0.800
1983-08-12,1,12.400
1983-08-17,5,0.600
1983-08-23,6,0.400
1983-08-24,1,0.800
1983-08-25,1,21.400
1983-08-26,1,2.600
1983-08-29,3,6.200
1983-09-02,4,1.200
1983-09-18,16,0.600
1983-09-30,12,0.400
1983-10-01,1,0.600
1983-10-17,16,2.800
1983-10-18,1,7.000
1983-10-22,4,3.800
1983-10-30,8,2.400
1983-10-31,0,8.200
1983-12-11,41,0.200
1983-12-16,5,2.000
1983-12-17,1,3.200
1983-12-18,1,0.800
1983-12-19,1,21.600
1983-12-20,1,6.200
1983-12-21,1,2.000
1983-12-22,1,26.600
1983-12-23,1,4.600
1984-01-09,17,1.000
1984-01-20,11,13.200
1984-01-22,2,11.000
1984-01-23,1,0.800
1984-01-24,1,3.400
1984-01-28,4,11.000
1984-01-31,3,1.600
1984-02-01,1,3.000
1984-02-03,2,0.200
1984-02-15,12,0.800
1984-02-22,7,11.400
1984-02-24,2,7.600
1984-02-25,1,28.200
1984-02-26,1,11.000
1984-02-27,1,3.200
1984-02-29,2,2.400
1984-03-01,1,6.400
1984-03-02,1,19.400
1984-03-03,1,6.000
1984-03-04,1,10.000
1984-03-09,5,0.600
1984-03-18,9,1.400
1984-03-26,8,11.200
1984-03-30,4,16.600
1984-04-01,2,0.400
1984-04-02,1,11.200
1984-04-03,1,8.400
1984-04-04,1,17.000
1984-04-05,1,4.000
1984-04-06,1,1.600
1984-04-08,2,1.400
1984-04-09,1,0.800
1984-04-10,1,0.400
1984-04-11,1,4.200
1984-04-12,1,2.000
1984-04-13,1,1.800
1984-04-17,4,11.400
1984-04-18,1,15.200
1984-04-29,11,2.200
1984-04-30,1,12.800
1984-05-01,1,4.200
1984-05-02,1,0.800
1984-05-03,1,1.400
1984-05-04,1,4.600
1984-05-05,1,10.200
1984-05-06,1,1.200
1984-05-09,3,6.600
1984-05-10,1,15.000
1984-05-11,1,3.800
1984-05-13,2,7.000
1984-05-16,3,31.600
1984-05-17,1,4.600
1984-05-19,2,2.200
1984-05-20,1,0.600
1984-05-21,1,10.400
1984-05-23,2,6.600
1984-05-27,4,0.200
1984-05-28,1,4.000
1984-05-30,2,5.200
1984-06-04,5,13.000
1984-06-05,1,12.200
1984-06-06,1,12.000
1984-06-22,16,0.400
1984-06-23,1,0.400
1984-06-29,6,0.400
1984-07-16,17,1.800
1984-07-17,1,5.200
1984-07-26,9,5.200
1984-07-27,1,5.400
1984-08-07,11,5.600
1984-08-08,1,13.600
1984-08-09,1,32.400
1984-08-10,1,32.600
1984-08-14,4,9.000
1984-08-24,10,24.000
1984-08-25,1,18.200
1984-08-26,1,28.400
1984-09-08,13,0.400
1984-09-16,8,3.200
1984-09-18,2,0.800
1984-09-19,1,11.200
1984-09-20,1,25.400
1984-09-21,1,1.200
1984-09-22,1,0.200
1984-09-24,2,2.000
1984-09-25,1,0.600
1984-09-30,5,2.400
1984-10-01,1,4.400
1984-10-02,1,4.000
1984-10-04,2,32.800
1984-10-05,1,26.400
1984-10-07,2,41.400
1984-10-08,1,19.600
1984-10-12,4,1.000
1984-10-20,8,0.400
1984-10-21,1,3.000
1984-10-23,2,0.200
1984-10-26,3,1.200
1984-10-27,1,9.400
1984-10-28,1,7.400
1984-11-06,8,27.000
1984-11-07,1,1.600
1984-11-09,2,0.200
1984-11-13,4,0.200
1984-11-15,2,20.800
1984-11-16,1,3.400
1984-11-17,1,3.000
1984-11-18,1,1.000
1984-11-19,1,24.000
1984-11-20,1,1.400
1984-11-27,7,23.400
1984-11-28,1,0.400
1984-11-29,1,0.200
1984-12-01,2,0.400
1984-12-02,1,9.600
1984-12-03,1,3.800
1984-12-04,1,10.000
1984-12-06,2,0.200
1984-12-12,6,0.200
1984-12-13,1,0.200
1984-12-14,1,15.000
1984-12-15,1,2.600
1984-12-16,1,5.800
1984-12-17,1,0.600
1984-12-19,2,2.400
1984-12-20,1,4.600
1984-12-22,2,2.200
1984-12-23,1,1.400
1984-12-27,4,1.200
1984-12-29,2,10.800
1985-01-05,7,2.600
1985-01-08,3,2.200
1985-01-09,1,4.400
1985-01-10,1,1.200
1985-01-14,4,15.800
1985-01-15,1,1.400
1985-01-16,1,21.000
1985-01-17,1,28.600
1985-01-19,2,0.400
1985-01-22,3,3.400
1985-01-24,2,1.400
1985-01-25,1,1.200
1985-01-27,2,6.600
1985-02-09,13,1.600
1985-02-10,1,1.600
1985-02-11,1,6.400
1985-02-15,4,0.200
1985-03-01,14,0.200
1985-03-02,1,1.200
1985-03-03,1,43.800
1985-03-04,1,1.400
1985-03-05,1,2.600
1985-03-06,1,12.200
1985-03-07,1,4.000
1985-03-08,1,3.600
1985-03-09,1,0.200
1985-03-10,1,2.000
1985-03-11,1,0.200
1985-03-12,1,8.600
1985-03-13,1,2.200
1985-03-16,3,5.400
1985-03-17,1,1.800
1985-03-21,4,11.600
1985-03-22,1,14.400
1985-03-23,1,7.600
1985-03-28,5,3.800
1985-04-06,9,1.400
1985-04-11,5,0.600
1985-04-12,1,3.400
1985-04-13,1,1.200
1985-04-15,2,0.800
1985-04-25,10,5.400
1985-04-26,1,5.000
1985-04-27,1,0.600
1985-04-28,1,0.600
1985-05-05,7,1.000
1985-05-07,2,14.000
1985-05-08,1,0.200
1985-05-10,2,1.600
1985-05-11,1,4.000
1985-05-13,2,7.600
1985-05-14,1,2.400
1985-05-18,4,0.200
1985-05-20,2,3.400
1985-05-21,1,0.200
1985-05-30,9,0.200
1985-06-02,3,1.200
1985-06-17,15,14.200
1985-06-20,3,1.200
1985-06-23,3,19.200
1985-06-28,5,4.200
1985-07-06,8,3.800
1985-08-06,31,1.800
1985-08-07,1,26.600
1985-08-23,16,24.200
1985-08-26,3,14.400
1985-08-27,1,6.400
1985-09-16,20,3.400
1985-09-17,1,9.600
1985-10-19,32,0.200
1985-10-24,5,4.200
1985-10-29,4,13.000
1985-10-30,1,18.600
1985-10-31,1,25.200
1985-11-01,1,0.200
1985-11-02,1,7.600
1985-11-05,3,2.000
1985-11-06,1,1.800
1985-11-13,7,16.400
1985-11-17,4,0.200
1985-11-18,1,2.400
1985-11-20,2,10.400
1985-11-21,1,28.600
1985-11-22,1,14.600
1985-11-23,1,7.400
1985-11-24,1,3.000
1985-11-26,2,7.400
1985-12-11,15,3.800
1985-12-26,15,3.600
1985-12-29,3,2.800
1985-12-30,1,2.200
1985-12-31,1,11.400
1986-01-02,2,4.000
1986-01-03,1,14.400
1986-01-06,3,34.600
1986-01-07,1,2.000
1986-01-09,2,16.000
1986-01-23,14,1.200
1986-01-24,1,1.400
1986-01-29,5,1.400
1986-01-30,1,17.000
1986-01-31,1,15.800
1986-02-01,1,10.200
1986-02-02,1,4.000
1986-02-03,1,0.400
1986-02-08,5,9.800
1986-02-09,1,0.400
1986-02-10,1,1.600
1986-02-11,1,6.200
1986-02-14,3,1.200
1986-02-15,1,13.800
1986-02-16,1,0.800
1986-02-17,1,22.800
1986-02-18,1,3.800
1986-02-19,1,2.200
1986-02-20,1,1.200
1986-02-21,1,0.800
1986-02-22,1,0.400
1986-03-01,7,3.000
1986-03-02,1,16.000
1986-03-04,2,2.600
1986-03-07,3,1.000
1986-03-08,1,3.400
1986-03-09,1,6.800
1986-03-13,4,10.400
1986-03-14,1,12.000
1986-03-21,7,1.000
1986-03-22,1,33.400
1986-04-07,16,0.400
1986-04-08,1,3.200
1986-04-09,1,10.200
1986-04-10,1,0.800
1986-04-13,3,4.800
1986-04-16,3,8.200
1986-04-17,1,0.400
1986-04-18,1,7.600
1986-04-23,5,0.200
1986-04-25,2,0.200
1986-04-26,1,0.400
1986-04-27,1,9.800
1986-04-28,1,25.400
1986-04-29,1,37.200
1986-04-30,1,0.200
1986-05-05,5,3.000
1986-05-07,2,2.600
1986-05-08,1,8.600
1986-05-09,1,1.200
1986-05-24,15,28.600
1986-05-29,5,0.200
1986-06-03,5,5.600
1986-06-05,2,3.200
1986-06-06,1,0.800
1986-06-12,6,12.600
1986-06-13,1,6.600
1986-06-14,1,2.000
1986-06-15,1,0.200
1986-06-17,2,40.000
1986-06-19,2,6.000
1986-07-07,18,10.600
1986-07-08,1,0.400
1986-07-10,2,1.000
1986-07-13,3,11.000
1986-07-14,1,6.000
1986-07-15,1,5.000
1986-07-20,5,6.000
1986-08-09,20,2.400
1986-08-14,5,2.600
1986-08-25,11,11.600
1986-08-28,3,3.000
1986-08-29,1,1.800
1986-09-10,12,23.800
1986-09-19,9,13.000
1986-09-20,1,25.200
1986-09-24,4,0.200
1986-09-25,1,2.000
1986-10-19,24,9.400
1986-10-24,5,1.400
1986-10-26,2,14.400
1986-10-27,0,0.600
1986-11-03,7,18.800
1986-11-04,1,0.800
1986-11-15,11,14.000
1986-11-21,6,9.800
1986-11-22,1,6.800
1986-11-23,1,4.200
1986-11-24,1,13.200
1986-11-29,5,0.600
1986-11-30,1,0.400
1986-12-09,9,1.000
1986-12-10,1,1.200
1986-12-14,4,0.400
1986-12-15,1,19.800
1987-01-02,18,0.200
1987-01-10,8,3.400
1987-01-11,1,18.600
1987-01-12,1,14.400
1987-01-13,1,4.000
1987-01-14,1,6.000
1987-01-15,1,24.000
1987-01-16,1,1.800
1987-01-19,3,1.000
1987-02-06,18,0.600
1987-02-11,5,3.000
1987-02-12,1,0.600
1987-02-13,1,5.600
1987-02-14,1,4.800
1987-02-15,1,5.000
1987-02-16,1,3.800
1987-02-17,1,24.200
1987-02-18,1,7.800
1987-02-19,1,20.800
1987-02-20,1,12.800
1987-02-21,1,1.600
1987-02-26,5,1.600
1987-03-01,3,6.200
1987-03-02,1,39.600
1987-03-26,24,1.800
1987-03-29,3,6.000
1987-03-30,1,39.600
1987-04-05,6,1.800
1987-04-08,3,0.200
1987-04-09,1,14.800
1987-04-10,1,4.400
1987-04-11,1,9.400
1987-04-13,2,32.200
1987-04-14,1,5.800
1987-04-22,8,0.400
1987-05-05,13,8.000
1987-05-06,1,0.800
1987-05-07,1,0.600
1987-05-13,6,1.200
1987-05-14,1,6.000
1987-05-17,3,1.800
1987-05-18,1,10.400
1987-05-19,1,4.800
1987-05-20,1,2.000
1987-05-21,1,0.200
1987-05-29,8,3.200
1987-05-30,1,7.800
1987-06-01,2,7.000
1987-06-05,4,6.400
1987-06-09,4,4.200
1987-06-12,3,0.200
1987-06-13,1,0.600
1987-06-17,4,1.400
1987-06-20,3,0.200
1987-06-21,1,1.800
1987-06-27,6,18.800
1987-06-28,1,0.600
1987-07-09,11,12.000
1987-07-17,8,0.200
1987-07-18,1,0.200
1987-07-24,6,0.800
1987-07-27,3,2.600
1987-07-31,4,0.600
1987-08-07,7,9.000
1987-08-08,1,0.200
1987-08-25,17,56.400
1987-08-28,3,0.400
1987-08-29,1,0.600
1987-09-03,5,27.800
1987-09-06,3,1.200
1987-09-28,22,1.600
1987-09-29,1,0.800
1987-10-06,7,54.400
1987-10-07,1,9.400
1987-10-08,1,0.400
1987-10-09,1,0.200
1987-10-11,2,13.400
1987-10-12,1,12.800
1987-10-13,1,0.200
1987-10-18,5,1.600
1987-10-20,2,0.200
1987-10-22,2,3.200
1987-10-23,1,3.800
1987-10-24,1,19.200
1987-10-28,3,0.600
1987-10-29,1,3.600
1987-10-30,1,15.400
1987-11-09,10,1.400
1987-11-10,1,4.200
1987-11-11,1,4.600
1987-11-12,1,0.200
1987-11-14,2,2.600
1987-11-23,9,1.800
1987-11-24,1,23.600
1987-11-25,1,11.600
1987-11-26,1,20.400
1987-11-27,1,0.600
1987-11-29,2,8.000
1987-11-30,1,27.400
1987-12-01,1,21.200
1987-12-02,1,14.200
1987-12-05,3,9.600
1987-12-06,1,29.200
1987-12-08,2,0.200
1987-12-14,6,1.000
1987-12-18,4,0.400
1987-12-24,6,0.200
1987-12-29,5,0.200
1987-12-30,1,0.200
1987-12-31,1,0.200
1988-01-13,13,0.400
1988-01-14,1,2.200
1988-01-15,1,8.000
1988-01-19,4,0.200
1988-01-20,1,1.800
1988-01-21,1,1.400
1988-01-22,1,0.600
1988-01-25,3,0.400
1988-01-26,1,6.800
1988-01-29,3,1.200
1988-01-30,1,1.000
1988-02-02,3,7.200
1988-02-05,3,0.400
1988-02-07,2,0.200
1988-02-12,5,17.000
1988-02-13,1,2.600
1988-02-24,11,4.400
1988-02-25,1,2.000
1988-03-05,9,3.000
1988-03-06,1,5.200
1988-03-23,17,11.200
1988-03-31,8,11.000
1988-04-01,1,6.000
1988-04-03,2,0.200
1988-04-04,1,7.000
1988-04-05,1,0.600
1988-04-06,1,3.800
1988-04-07,1,13.800
1988-04-08,1,1.200
1988-04-13,5,8.600
1988-04-25,12,4.000
1988-04-29,4,9.800
1988-04-30,1,3.500
1988-05-01,1,3.500
1988-05-03,2,0.200
1988-05-05,2,0.600
1988-05-09,4,0.200
1988-05-11,2,2.400
1988-05-12,1,4.000
1988-05-13,1,4.800
1988-05-14,1,3.800
1988-05-15,1,2.000
1988-05-17,2,7.400
1988-05-20,3,7.400
1988-05-21,1,0.200
1988-05-22,1,6.400
1988-05-27,5,1.800
1988-05-28,1,11.800
1988-05-29,1,10.000
1988-05-30,1,0.800
1988-06-05,6,1.600
1988-06-06,1,8.200
1988-06-07,1,35.600
1988-06-08,1,1.800
1988-06-09,1,3.000
1988-06-16,7,0.400
1988-06-18,2,43.400
1988-06-19,1,1.800
1988-06-25,6,6.000
1988-06-30,5,0.200
1988-07-01,1,1.200
1988-07-02,1,2.800
1988-07-04,2,0.600
1988-07-05,1,1.200
1988-07-13,8,6.600
1988-07-16,3,0.800
1988-08-05,20,5.200
1988-08-23,18,36.000
1988-08-29,6,0.200
1988-08-30,1,11.400
1988-09-02,3,7.600
1988-09-03,1,18.800
1988-09-14,11,0.400
1988-09-15,1,1.800
1988-10-06,21,0.400
1988-10-12,6,15.600
1988-10-13,1,21.000
1988-10-14,1,9.200
1988-10-15,1,3.200
1988-10-19,4,11.000
1988-10-20,1,11.200
1988-10-21,1,11.800
1988-10-22,1,0.600
1988-11-21,29,3.400
1988-11-22,1,14.600
1988-12-01,9,6.800
1988-12-02,1,9.600
1988-12-03,1,13.000
1989-01-22,50,1.200
1989-01-23,1,8.400
1989-02-23,31,0.200
1989-02-24,1,4.000
1989-02-25,1,9.800
1989-02-26,1,10.200
1989-03-01,3,1.000
1989-03-03,2,4.000
1989-03-04,1,10.200
1989-03-09,5,1.600
1989-03-14,5,3.000
1989-03-15,1,5.800
1989-03-18,3,0.600
1989-03-19,1,11.200
1989-03-20,1,8.200
1989-03-21,1,3.600
1989-03-22,1,0.800
1989-04-02,11,0.200
1989-04-04,2,18.000
1989-04-05,1,10.600
1989-04-06,1,0.800
1989-04-07,1,0.200
1989-04-12,5,1.800
1989-04-13,1,8.800
1989-04-14,1,3.600
1989-04-17,3,2.600
1989-04-18,1,1.200
1989-04-19,1,0.200
1989-04-22,3,7.400
1989-04-23,1,2.800
1989-04-25,2,1.800
1989-04-26,1,10.400
1989-04-27,1,2.200
1989-04-28,1,0.600
1989-04-29,1,3.000
1989-04-30,1,2.800
1989-05-15,15,6.200
1989-05-16,1,2.600
1989-05-17,1,3.800
1989-05-18,1,0.200
1989-05-19,1,0.400
1989-05-20,1,0.400
1989-06-01,12,1.600
1989-06-02,1,15.000
1989-06-04,2,1.400
1989-06-05,1,6.400
1989-06-06,1,2.400
1989-06-09,3,12.200
1989-06-14,5,1.200
1989-06-19,5,0.400
1989-06-24,5,17.400
1989-06-27,3,0.400
1989-06-30,3,2.800
1989-07-02,2,3.800
1989-07-03,1,4.600
1989-07-04,1,6.400
1989-07-05,1,7.600
1989-07-08,3,1.200
1989-07-12,4,0.400
1989-07-18,6,0.400
1989-07-26,8,4.800
1989-08-01,6,6.800
1989-08-08,7,0.600
1989-08-11,3,33.400
1989-08-12,1,10.800
1989-08-19,7,4.200
1989-08-28,9,1.000
1989-08-29,1,16.400
1989-09-02,4,25.000
1989-09-03,1,34.200
1989-09-04,1,36.000
1989-09-05,1,0.400
1989-09-09,4,7.200
1989-09-10,1,2.600
1989-09-11,1,0.200
1989-09-12,1,1.800
1989-09-14,2,4.200
1989-09-26,12,4.400
1989-09-28,2,0.200
1989-09-29,1,0.800
1989-10-07,8,0.400
1989-10-08,1,0.200
1989-10-09,1,1.000
1989-11-04,25,4.400
1989-11-06,2,2.800
1989-11-07,1,3.000
1989-11-10,3,0.800
1989-11-19,9,9.400
1989-11-22,3,17.600
1989-11-23,1,8.000
1989-12-13,20,0.600
1989-12-14,1,1.000
1989-12-19,5,0.400
1990-01-09,21,0.800
1990-01-28,19,6.400
1990-01-29,1,12.200
1990-01-30,1,0.600
1990-01-31,1,2.800
1990-02-02,2,0.600
1990-02-11,9,0.400
1990-02-12,1,2.400
1990-02-13,1,5.800
1990-03-09,24,3.400
1990-03-10,1,1.400
1990-03-26,16,35.000
1990-03-27,1,10.800
1990-03-28,1,38.600
1990-03-30,2,0.600
1990-04-03,4,4.800
1990-04-04,1,7.600
1990-04-05,1,0.400
1990-04-06,1,4.000
1990-04-07,1,32.000
1990-04-08,1,3.000
1990-04-09,1,3.400
1990-04-15,6,11.200
1990-04-17,2,1.400
1990-04-18,1,38.400
1990-04-21,3,10.600
1990-04-22,1,4.400
1990-04-23,1,3.600
1990-05-03,10,0.400
1990-05-20,17,1.400
1990-05-21,1,0.600
1990-05-22,1,6.400
1990-05-23,1,1.600
1990-05-24,1,2.800
1990-05-25,1,6.200
1990-05-26,1,16.200
1990-05-27,1,6.000
1990-05-29,2,4.400
1990-06-06,8,1.200
1990-06-07,1,0.600
1990-06-08,1,0.400
1990-06-10,2,11.200
1990-06-11,1,0.200
1990-06-12,1,1.200
1990-06-13,1,0.300
1990-06-14,1,0.300
1990-06-15,1,0.800
1990-06-19,4,0.400
1990-06-21,2,0.200
1990-07-11,20,44.000
1990-07-25,14,31.000
1990-07-26,1,0.400
1990-07-30,4,12.800
1990-08-07,8,5.400
1990-08-08,1,1.800
1990-08-16,8,7.000
1990-08-26,10,0.200
1990-08-27,1,0.800
1990-08-28,1,12.000
1990-09-02,5,11.400
1990-09-05,3,0.200
1990-09-06,1,9.400
1990-09-08,2,4.400
1990-09-16,8,0.400
1990-09-25,9,6.800
1990-09-26,1,11.000
1990-09-27,1,0.200
1990-10-04,7,20.000
1990-10-05,1,70.000
1990-10-06,1,7.000
1990-10-08,2,0.600
1990-10-12,4,0.400
1990-10-13,1,11.600
1990-10-16,3,0.200
1990-10-17,1,23.800
1990-10-18,1,5.600
1990-10-20,2,13.800
1990-10-21,1,17.600
1990-10-24,3,0.400
1990-10-26,2,21.000
1990-10-27,1,10.600
1990-10-29,1,1.000
1990-11-02,4,6.400
1990-11-04,2,4.800
1990-11-12,8,8.000
1990-11-14,2,0.200
1990-11-15,1,0.800
1990-11-20,5,0.200
1990-11-22,2,1.200
1990-11-23,1,8.600
1990-11-25,2,5.400
1990-11-26,1,23.400
1990-11-27,1,1.800
1990-12-01,4,0.200
1990-12-09,8,0.400
1990-12-10,1,11.200
1990-12-27,17,1.600
1991-01-01,5,0.400
1991-01-02,1,0.600
1991-01-05,3,1.800
1991-01-06,1,0.200
1991-01-07,1,0.400
1991-01-08,1,2.800
1991-01-13,5,0.400
1991-01-14,1,20.400
1991-01-15,1,14.800
1991-01-30,15,0.200
1991-02-06,7,0.400
1991-02-07,1,1.800
1991-02-08,1,10.000
1991-02-09,1,1.000
1991-02-10,1,19.200
1991-02-11,1,8.200
1991-02-12,1,0.200
1991-02-13,1,1.600
1991-03-01,16,0.600
1991-03-02,1,0.600
1991-03-07,5,0.400
1991-03-08,1,2.000
1991-03-09,1,5.000
1991-03-10,1,0.400
1991-03-24,14,6.400
1991-03-25,1,0.200
1991-03-26,1,12.200
1991-03-27,1,5.600
1991-03-28,1,9.800
1991-04-06,9,27.600
1991-04-18,12,20.200
1991-04-19,1,22.400
1991-04-21,2,1.800
1991-04-24,3,5.200
1991-04-25,1,0.200
1991-04-26,1,0.600
1991-04-27,1,11.000
1991-04-28,1,1.400
1991-04-29,1,0.200
1991-05-02,3,0.800
1991-05-03,1,18.200
1991-05-04,1,41.400
1991-05-05,1,2.000
1991-05-06,1,10.400
1991-05-08,2,0.600
1991-05-09,1,0.200
1991-05-10,1,9.600
1991-05-11,1,2.000
1991-05-16,5,2.000
1991-05-17,1,2.400
1991-06-06,20,2.200
1991-06-07,1,9.200
1991-06-08,1,20.000
1991-06-17,9,0.800
1991-06-18,1,2.200
1991-07-15,27,15.000
1991-07-18,3,0.200
1991-07-31,13,15.800
1991-08-01,1,6.200
1991-08-15,14,0.400
1991-09-13,29,6.000
1991-09-14,1,21.600
1991-09-26,12,6.000
1991-09-27,1,5.800
1991-09-29,2,1.600
1991-09-30,1,25.000
1991-10-07,7,55.600
1991-10-08,1,18.400
1991-10-12,4,63.600
1991-10-13,1,8.200
1991-10-15,2,8.200
1991-10-20,5,36.600
1991-10-28,7,2.800
1991-10-29,1,11.400
1991-10-30,1,0.200
1991-11-03,4,1.800
1991-11-04,1,3.200
1991-11-05,1,1.200
1991-11-10,5,1.200
1991-11-13,3,1.000
1991-11-14,1,6.600
1991-11-15,1,0.600
1991-11-16,1,13.200
1991-11-17,1,1.600
1991-11-19,2,4.800
1991-11-20,1,12.200
1991-11-22,2,25.800
1991-11-23,1,0.600
1991-11-24,1,1.000
1991-11-25,1,13.600
1991-11-29,4,0.200
1991-11-30,1,0.400
1991-12-06,6,0.200
1991-12-21,15,4.600
1991-12-28,7,0.200
1992-01-10,13,4.400
1992-01-13,3,0.400
1992-01-18,5,0.200
1992-01-20,2,2.600
1992-01-21,1,4.400
1992-01-22,1,0.200
1992-01-23,1,5.600
1992-01-24,1,4.600
1992-01-25,1,8.600
1992-02-06,12,0.200
1992-02-08,2,0.200
1992-02-10,2,0.200
1992-02-11,1,1.800
1992-02-14,3,5.800
1992-03-24,39,0.600
1992-03-27,3,0.200
1992-03-28,1,0.200
1992-03-29,1,0.200
1992-03-30,1,0.400
1992-03-31,1,1.800
1992-04-01,1,11.200
1992-04-02,1,1.800
1992-04-04,2,0.800
1992-04-05,1,5.200
1992-04-06,1,9.800
1992-04-07,1,12.000
1992-04-08,1,2.200
1992-04-09,1,1.600
1992-04-16,7,2.000
1992-04-17,1,2.000
1992-04-29,12,0.800
1992-04-30,1,5.800
1992-05-01,1,13.000
1992-05-20,19,6.000
1992-05-21,1,0.600
1992-05-22,1,5.000
1992-05-23,1,5.800
1992-05-29,6,0.600
1992-05-31,2,13.000
1992-06-01,1,1.400
1992-06-02,1,8.200
1992-06-04,2,1.200
1992-06-05,1,1.000
1992-06-07,2,1.000
1992-06-08,1,25.200
1992-06-09,1,1.800
1992-06-11,2,1.800
1992-06-12,1,0.200
1992-06-13,1,9.800
1992-06-17,4,2.000
1992-06-18,1,1.200
1992-06-19,1,0.200
1992-06-20,1,15.800
1992-06-22,2,1.800
1992-06-23,1,7.400
1992-06-25,2,40.000
1992-06-27,2,9.800
1992-07-05,8,2.400
1992-07-06,1,22.800
1992-07-07,1,1.600
1992-07-09,2,6.800
1992-07-11,2,20.400
1992-07-12,1,5.800
1992-07-17,5,23.000
1992-07-23,6,0.600
1992-08-10,18,1.600
1992-08-15,5,9.400
1992-08-16,1,24.800
1992-08-23,7,2.400
1992-08-30,7,8.600
1992-08-31,1,3.400
1992-09-05,5,1.600
1992-09-10,5,3.600
1992-09-11,1,0.600
1992-09-23,12,6.800
1992-09-24,1,3.200
1992-09-28,4,24.600
1992-09-29,1,1.000
1992-09-30,1,2.600
1992-10-03,3,7.200
1992-10-04,1,29.200
1992-10-05,1,28.800
1992-10-06,1,3.000
1992-10-07,1,2.800
1992-10-09,2,0.200
1992-10-10,1,30.000
1992-10-11,1,24.600
1992-10-12,1,0.600
1992-10-13,1,1.600
1992-10-17,4,12.800
1992-10-18,1,16.000
1992-10-20,2,20.200
1992-10-21,1,3.800
1992-10-22,1,4.000
1992-10-30,7,5.600
1992-10-31,1,16.800
1992-11-01,1,1.600
1992-11-02,1,20.200
1992-11-03,1,7.800
1992-11-16,13,13.800
1992-11-17,1,3.800
1992-11-18,1,4.600
1992-11-28,10,0.400
1992-12-02,4,0.200
1992-12-03,1,2.600
1992-12-04,1,1.000
1992-12-05,1,4.200
1992-12-06,1,0.800
1992-12-08,2,19.400
1992-12-09,1,76.800
1992-12-10,1,5.800
1992-12-22,12,0.600
1992-12-24,2,0.200
1993-01-07,14,0.400
1993-01-23,16,0.200
1993-01-26,3,0.200
1993-02-25,30,2.400
1993-03-01,4,23.600
1993-03-02,1,46.000
1993-03-03,1,6.400
1993-03-05,2,1.000
1993-03-25,20,23.400
1993-03-26,1,21.000
1993-03-27,1,0.200
1993-04-01,5,37.000
1993-04-02,1,1.800
1993-04-03,1,40.400
1993-04-10,7,2.200
1993-04-11,1,18.800
1993-04-12,1,2.800
1993-04-13,1,5.400
1993-04-14,1,5.600
1993-04-15,1,27.800
1993-04-16,1,4.400
1993-04-25,9,3.800
1993-04-26,1,2.000
1993-04-28,2,2.400
1993-04-29,1,2.400
1993-04-30,1,2.000
1993-05-01,1,4.000
1993-05-02,1,0.800
1993-05-06,4,0.200
1993-05-07,1,1.600
1993-05-12,5,17.400
1993-05-14,2,8.600
1993-05-17,3,0.200
1993-05-20,3,0.400
1993-05-21,1,7.200
1993-06-10,20,0.400
1993-06-11,1,3.000
1993-06-14,3,1.600
1993-06-23,9,5.600
1993-06-24,1,1.200
1993-06-25,1,0.200
1993-07-07,12,13.000
1993-07-10,3,1.000
1993-07-11,1,10.800
1993-07-22,11,0.200
1993-08-08,17,37.600
1993-08-09,1,30.600
1993-08-28,19,15.600
1993-08-29,1,6.600
1993-09-05,7,3.400
1993-09-07,2,0.200
1993-09-10,3,12.000
1993-09-19,9,0.200
1993-09-24,5,6.800
1993-09-25,1,17.600
1993-09-26,1,12.200
1993-09-27,1,5.000
1993-09-28,1,1.200
1993-10-01,3,43.600
1993-10-02,1,3.600
1993-10-03,1,10.400
1993-10-06,3,3.600
1993-10-07,1,23.400
1993-10-08,1,10.400
1993-10-09,1,11.200
1993-10-14,5,1.000
1993-10-18,4,0.200
1993-10-19,1,10.200
1993-10-22,3,20.200
1993-10-23,1,0.800
1993-10-24,1,18.800
1993-10-25,1,0.200
1993-11-01,6,6.400
1993-11-02,1,1.600
1993-11-03,1,5.200
1993-11-05,2,6.800
1993-11-06,1,33.800
1993-11-07,1,4.600
1993-11-08,1,6.800
1993-11-12,4,3.200
1993-11-13,1,5.600
1993-11-15,2,0.400
1993-11-24,9,0.200
1993-11-26,2,0.200
1993-11-27,1,0.600
1993-11-28,1,0.600
1993-12-02,4,2.400
1993-12-07,5,1.200
1993-12-08,1,2.400
1993-12-10,2,0.600
1993-12-15,5,1.800
1993-12-24,9,0.400
1993-12-25,1,7.400
1993-12-26,1,14.200
1993-12-27,1,3.400
1994-01-01,5,13.000
1994-01-02,1,4.400
1994-01-04,2,0.200
1994-01-05,1,1.800
1994-01-08,3,8.000
1994-01-10,2,4.600
1994-01-11,1,4.000
1994-01-12,1,2.200
1994-01-15,3,0.800
1994-01-17,2,1.200
1994-01-18,1,17.800
1994-02-05,18,1.200
1994-02-06,1,0.800
1994-02-07,1,11.200
1994-02-08,1,0.800
1994-02-09,1,1.200
1994-02-21,12,1.400
1994-02-23,2,0.600
1994-02-24,1,8.600
1994-03-01,5,2.200
1994-03-02,1,1.800
1994-04-02,31,14.600
1994-04-03,1,4.400
1994-04-04,1,10.600
1994-04-05,1,4.800
1994-04-06,1,9.800
1994-04-08,2,1.600
1994-04-10,2,1.400
1994-04-11,1,11.400
1994-04-12,1,1.400
1994-04-15,3,0.400
1994-04-16,1,6.800
1994-04-17,1,28.200
1994-04-18,1,5.000
1994-04-19,1,14.000
1994-04-20,1,4.600
1994-04-22,2,0.400
1994-04-24,2,1.000
1994-04-25,1,5.000
1994-04-26,1,17.800
1994-05-06,10,5.400
1994-05-09,3,15.000
1994-05-10,1,0.800
1994-05-14,4,6.000
1994-05-15,1,1.000
1994-05-18,3,7.800
1994-05-19,1,12.400
1994-05-25,6,2.800
1994-05-31,6,0.200
1994-06-10,10,9.600
1994-06-11,1,10.000
1994-06-12,1,44.400
1994-06-13,1,21.800
1994-06-14,1,0.400
1994-06-21,7,1.000
1994-06-22,1,0.200
1994-06-27,5,0.400
1994-06-28,1,21.600
1994-06-29,1,7.200
1994-06-30,1,0.200
1994-07-06,6,10.800
1994-07-09,3,13.600
1994-07-20,11,11.400
1994-07-21,1,30.400
1994-07-22,1,0.200
1994-08-02,11,3.600
1994-08-18,16,13.200
1994-08-25,7,12.600
1994-08-26,1,2.800
1994-09-01,6,1.600
1994-09-02,1,22.600
1994-09-03,1,3.200
1994-09-09,6,22.200
1994-09-14,5,31.400
1994-09-15,1,13.000
1994-09-17,2,15.000
1994-09-18,1,0.800
1994-09-21,3,0.200
1994-09-22,1,35.800
1994-09-23,1,0.800
1994-09-24,1,1.000
1994-09-25,1,1.000
1994-09-27,2,5.400
1994-10-02,5,3.400
1994-10-03,1,8.800
1994-10-04,1,1.600
1994-10-05,1,1.200
1994-10-06,1,6.600
1994-10-20,14,0.200
1994-10-21,1,20.000
1994-10-23,2,3.400
1994-10-24,1,16.200
1994-10-29,5,18.400
1994-11-03,4,0.200
1994-11-04,1,8.000
1994-11-05,1,6.400
1994-11-06,1,26.600
1994-11-07,1,19.600
1994-11-08,1,3.800
1994-11-09,1,5.200
1994-11-10,1,9.800
1994-11-11,1,12.800
1994-11-25,14,0.400
1994-11-26,1,0.200
1994-12-06,10,1.000
1994-12-07,1,0.400
1994-12-10,3,2.000
1994-12-12,2,0.200
1994-12-14,2,0.200
1994-12-19,5,3.400
1994-12-20,1,28.600
1994-12-21,1,9.600
1994-12-22,1,2.800
1994-12-23,1,3.200
1994-12-24,1,18.600
1994-12-25,1,3.000
1995-01-19,25,4.600
1995-01-20,1,0.600
1995-01-21,1,4.000
1995-01-22,1,0.800
1995-01-27,5,6.200
1995-01-29,2,0.800
1995-02-09,11,1.200
1995-02-10,1,5.400
1995-02-12,2,7.600
1995-02-14,2,12.000
1995-02-15,1,0.600
1995-02-17,2,2.800
1995-02-18,1,1.000
1995-02-19,1,15.600
1995-02-23,4,0.800
1995-02-24,1,0.600
1995-02-26,2,8.200
1995-02-27,1,11.600
1995-03-02,3,1.000
1995-03-03,1,0.200
1995-03-04,1,3.000
1995-03-05,1,1.200
1995-03-09,4,3.400
1995-03-16,7,5.200
1995-04-14,29,2.200
1995-04-15,1,1.800
1995-04-23,8,3.400
1995-04-24,1,2.600
1995-04-25,1,8.800
1995-04-26,1,7.000
1995-05-12,16,17.400
1995-05-13,1,48.000
1995-05-14,1,22.600
1995-05-15,1,4.000
1995-05-17,2,10.200
1995-05-19,2,3.400
1995-05-20,1,14.400
1995-05-27,7,3.200
1995-05-30,3,1.800
1995-05-31,1,8.600
1995-06-01,1,32.400
1995-06-02,1,0.200
1995-06-04,2,4.600
1995-06-05,1,2.200
1995-06-06,1,17.000
1995-06-11,5,7.200
1995-06-12,1,0.800
1995-06-13,1,2.600
1995-06-14,1,0.200
1995-06-15,1,0.400
1995-06-16,1,17.600
1995-06-17,1,2.600
1995-06-24,7,16.200
1995-06-25,1,15.600
1995-06-26,1,1.000
1995-07-04,8,0.200
1995-07-07,3,4.000
1995-07-13,6,0.200
1995-07-17,4,0.200
1995-07-29,12,0.200
1995-08-09,11,4.600
1995-08-12,3,9.200
1995-08-15,3,4.400
1995-08-17,2,4.600
1995-08-18,1,13.200
1995-08-19,1,29.600
1995-08-20,1,5.800
1995-08-23,3,0.200
1995-08-24,1,16.000
1995-08-26,2,2.200
1995-08-29,3,5.600
1995-09-08,10,2.000
1995-09-10,2,0.200
1995-09-13,3,2.000
1995-09-14,1,45.800
1995-09-15,1,2.000
1995-09-19,4,18.600
1995-09-20,1,6.400
1995-09-29,9,0.800
1995-10-04,5,0.200
1995-10-05,1,4.000
1995-10-06,1,2.600
1995-10-07,1,0.400
1995-10-17,10,0.200
1995-10-30,12,1.200
1995-10-31,1,1.600
1995-11-10,10,0.200
1995-11-11,1,2.600
1995-11-12,1,1.000
1995-11-14,2,14.200
1995-11-15,1,0.400
1995-11-17,2,1.000
1995-11-26,9,1.800
1995-11-27,1,4.400
1995-11-28,1,5.600
1995-11-29,1,1.000
1995-11-30,1,0.200
1995-12-07,7,0.600
1995-12-13,6,4.600
1995-12-14,1,27.400
1995-12-15,1,7.400
1995-12-16,1,7.200
1995-12-17,1,3.600
1995-12-18,1,8.200
1995-12-19,1,2.800
1995-12-20,1,0.200
1995-12-21,1,0.200
1995-12-22,1,0.200
1995-12-23,1,3.200
1995-12-24,1,2.400
1995-12-27,3,19.800
1995-12-28,1,11.800
1995-12-29,1,1.800
1995-12-31,2,8.800
1996-01-01,1,3.800
1996-01-02,1,3.200
1996-01-05,3,0.400
1996-01-06,1,15.600
1996-01-07,1,6.200
1996-01-08,1,9.000
1996-01-10,2,0.400
1996-01-11,1,1.600
1996-01-13,2,1.800
1996-01-14,1,0.200
1996-01-19,5,0.400
1996-01-23,4,2.400
1996-01-24,1,10.200
1996-01-25,1,3.200
1996-01-26,1,10.600
1996-01-27,1,13.000
1996-01-29,2,2.200
1996-01-30,1,0.400
1996-02-02,3,1.400
1996-02-03,1,13.200
1996-02-04,1,6.600
1996-02-05,1,8.600
1996-02-06,1,0.800
1996-02-11,5,0.200
1996-02-13,2,6.800
1996-02-19,6,2.200
1996-02-20,1,3.600
1996-02-21,1,40.400
1996-02-22,1,12.000
1996-03-13,20,2.400
1996-03-16,3,2.200
1996-03-17,1,8.600
1996-03-18,1,0.800
1996-03-19,1,0.200
1996-03-27,8,4.800
1996-04-01,5,0.800
1996-04-02,1,17.800
1996-04-03,1,4.800
1996-04-04,1,11.800
1996-04-05,1,0.400
1996-04-09,4,1.000
1996-04-12,3,0.400
1996-04-15,3,4.200
1996-04-23,8,0.200
1996-04-24,1,0.800
1996-04-25,1,0.200
1996-04-26,1,11.600
1996-04-27,1,1.600
1996-04-28,1,10.200
1996-04-29,1,0.200
1996-04-30,1,8.800
1996-05-01,1,6.400
1996-05-02,1,7.200
1996-05-03,1,2.400
1996-05-09,6,0.600
1996-05-10,1,18.800
1996-05-11,1,17.200
1996-05-12,1,13.800
1996-05-13,1,58.800
1996-05-14,1,0.200
1996-05-15,1,0.200
1996-05-20,5,1.000
1996-05-21,1,2.200
1996-05-28,7,10.600
1996-06-21,24,1.000
1996-06-22,1,3.800
1996-06-23,1,15.400
1996-06-25,2,1.000
1996-06-26,1,3.200
1996-07-03,7,1.200
1996-07-08,5,3.000
1996-07-09,1,1.800
1996-07-18,9,0.200
1996-07-25,7,0.200
1996-07-28,3,0.800
1996-07-29,1,0.200
1996-08-04,6,3.400
1996-08-06,2,7.800
1996-08-09,3,0.400
1996-08-11,2,2.400
1996-08-12,1,1.400
1996-08-14,2,3.800
1996-08-22,8,0.600
1996-08-24,2,0.200
1996-08-28,4,7.400
1996-08-29,1,8.600
1996-08-31,2,0.200
1996-09-01,1,5.400
1996-09-02,1,9.800
1996-09-03,1,14.200
1996-09-04,1,5.200
1996-09-19,15,9.600
1996-09-20,1,12.400
1996-09-21,1,16.400
1996-09-22,1,7.600
1996-09-23,1,17.600
1996-09-24,1,2.400
1996-09-25,1,3.600
1996-09-26,1,0.400
1996-10-02,6,19.600
1996-10-03,1,6.800
1996-10-06,3,0.200
1996-10-07,1,17.400
1996-10-08,1,29.600
1996-10-09,1,34.000
1996-10-14,5,14.000
1996-10-15,1,19.000
1996-10-16,1,5.000
1996-10-17,1,32.400
1996-10-18,1,13.800
1996-11-06,18,3.800
1996-11-11,5,2.400
1996-11-12,1,0.800
1996-11-15,3,18.800
1996-11-16,1,0.600
1996-11-17,1,36.400
1996-11-18,1,14.000
1996-11-19,1,3.400
1996-11-20,1,10.400
1996-11-22,2,6.800
1996-11-23,1,5.200
1996-11-24,1,7.600
1996-11-26,2,5.400
1996-11-28,2,0.400
1996-12-01,3,0.200
1996-12-09,8,3.200
1996-12-10,1,51.000
1996-12-11,1,25.000
1996-12-12,1,0.400
1996-12-14,2,17.800
1996-12-18,4,0.400
1996-12-20,2,11.400
1996-12-21,1,1.400
1996-12-22,1,0.800
1996-12-23,1,0.800
1996-12-25,2,20.000
1996-12-26,1,6.600
1996-12-31,5,0.800
1997-01-01,1,13.600
1997-01-02,1,3.800
1997-01-03,1,20.800
1997-01-04,1,15.200
1997-01-05,1,1.200
1997-01-07,2,14.000
1997-01-08,1,6.000
1997-01-09,1,3.400
1997-01-10,1,9.200
1997-01-20,10,0.400
1997-01-22,2,0.400
1997-01-23,1,0.200
1997-02-05,13,0.200
1997-03-07,30,13.800
1997-03-24,17,17.600
1997-04-20,27,3.600
1997-04-21,1,7.600
1997-04-22,1,0.600
1997-04-27,5,4.200
1997-04-28,1,11.800
1997-05-06,8,0.200
1997-05-07,1,2.000
1997-05-08,1,11.800
1997-05-09,1,0.400
1997-05-12,3,0.200
1997-05-13,1,1.600
1997-05-26,13,2.000
1997-06-01,6,0.400
1997-06-02,1,40.200
1997-06-05,3,1.000
1997-06-06,1,13.600
1997-06-14,8,2.400
1997-06-15,1,0.600
1997-06-19,4,3.600
1997-06-20,1,32.400
1997-06-21,1,3.600
1997-06-25,4,2.800
1997-06-27,2,7.600
1997-06-28,1,9.800
1997-06-30,2,11.000
1997-07-03,3,2.400
1997-07-06,3,4.200
1997-07-12,6,6.800
1997-07-15,3,0.200
1997-07-18,3,1.000
1997-07-19,1,0.200
1997-07-25,6,0.400
1997-08-08,14,16.600
1997-08-16,8,0.400
1997-08-17,1,18.000
1997-08-18,1,7.000
1997-09-14,27,9.400
1997-09-15,1,20.200
1997-10-07,22,4.400
1997-10-08,1,4.000
1997-10-13,5,0.200
1997-10-14,1,2.000
1997-10-21,7,0.400
1997-10-22,1,9.600
1997-10-28,5,2.400
1997-11-05,8,0.600
1997-11-06,1,19.600
1997-11-07,1,21.600
1997-11-08,1,6.000
1997-11-09,1,1.200
1997-11-10,1,6.600
1997-11-11,1,10.000
1997-11-12,1,22.400
1997-11-19,7,0.200
1997-11-20,1,0.400
1997-11-23,3,5.000
1997-11-24,1,0.200
1997-11-26,2,1.200
1997-11-27,1,3.200
1997-11-29,2,7.400
1997-11-30,1,8.200
1997-12-01,1,0.400
1997-12-03,2,15.800
1997-12-04,1,4.600
1997-12-06,2,0.400
1997-12-16,10,0.400
1997-12-17,1,3.200
1997-12-18,1,12.000
1997-12-19,1,11.800
1997-12-20,1,24.000
1997-12-21,1,12.200
1997-12-27,6,5.000
1998-01-01,5,1.600
1998-01-02,1,1.000
1998-01-03,1,3.400
1998-01-09,6,0.200
1998-01-12,3,0.200
1998-01-13,1,0.200
1998-01-14,1,1.000
1998-01-15,1,8.400
1998-01-17,2,15.400
1998-01-19,2,1.400
1998-01-20,1,3.200
1998-01-21,1,6.000
1998-02-04,14,1.000
1998-02-23,19,0.800
1998-02-24,1,14.000
1998-03-10,14,3.600
1998-03-12,2,0.200
1998-03-24,12,22.800
1998-04-06,13,0.200
1998-04-07,1,0.800
1998-04-08,1,0.200
1998-04-11,3,5.800
1998-04-12,1,12.600
1998-04-14,2,4.600
1998-04-16,2,16.200
1998-04-17,1,2.800
1998-04-18,1,10.400
1998-04-28,10,1.200
1998-04-29,1,0.200
1998-04-30,1,0.200
1998-05-01,1,11.600
1998-05-02,1,13.400
1998-05-03,1,3.000
1998-05-04,1,0.200
1998-05-07,3,1.000
1998-05-24,17,6.400
1998-05-25,1,36.200
1998-05-27,2,1.800
1998-05-29,2,22.200
1998-06-01,3,0.200
1998-06-07,6,14.200
1998-06-08,1,21.800
1998-06-11,3,1.400
1998-06-12,1,12.600
1998-06-13,1,2.600
1998-06-17,4,0.600
1998-07-01,14,5.800
1998-07-04,3,1.800
1998-07-07,3,0.200
1998-07-08,1,0.400
1998-07-14,6,0.200
1998-07-15,1,27.800
1998-08-03,19,6.000
1998-08-04,1,1.200
1998-08-18,14,4.800
1998-08-28,10,12.800
1998-08-29,1,1.000
1998-09-05,7,31.800
1998-09-06,1,5.400
1998-09-08,2,15.600
1998-09-11,3,11.400
1998-09-12,1,0.400
1998-09-13,1,1.200
1998-09-25,12,4.000
1998-09-26,1,4.200
1998-09-27,1,25.800
1998-09-28,1,1.200
1998-10-01,3,31.400
1998-10-03,2,0.800
1998-10-04,1,0.400
1998-10-05,1,4.600
1998-10-06,1,11.400
1998-10-07,1,5.800
1998-10-08,1,2.000
1998-10-19,11,0.400
1998-10-20,1,40.400
1998-10-26,5,1.200
1998-11-04,9,7.000
1998-11-05,1,6.400
1998-11-12,7,1.000
1998-11-24,12,4.800
1998-11-25,1,0.400
1998-11-26,1,0.200
1998-12-01,5,0.600
1998-12-04,3,0.800
1998-12-05,1,1.200
1998-12-10,5,0.200
1998-12-21,11,10.800
1998-12-22,1,7.000
1998-12-30,8,0.200
1999-01-01,2,2.400
1999-01-02,1,1.000
1999-01-03,1,6.400
1999-01-06,3,0.200
1999-01-10,4,1.000
1999-01-11,1,37.200
1999-01-12,1,0.400
1999-01-21,9,0.200
1999-01-27,6,9.000
1999-02-10,14,6.200
1999-02-11,1,11.400
1999-03-04,21,0.200
1999-03-05,1,1.200
1999-03-07,2,9.400
1999-03-22,15,2.400
1999-03-23,1,0.200
1999-03-26,3,4.400
1999-03-27,1,16.200
1999-03-28,1,1.400
1999-03-29,1,0.400
1999-04-08,10,17.800
1999-04-09,1,35.000
1999-04-12,3,1.400
1999-04-13,1,5.400
1999-04-14,1,1.800
1999-04-17,3,3.000
1999-04-18,1,12.000
1999-04-21,3,1.200
1999-04-22,1,11.600
1999-04-24,2,0.400
1999-04-25,1,0.200
1999-04-27,2,3.000
1999-04-28,1,4.800
1999-05-04,6,4.600
1999-05-05,1,1.600
1999-05-09,4,1.400
1999-05-16,7,43.600
1999-05-18,2,1.600
1999-05-19,1,0.800
1999-05-20,1,2.600
1999-05-21,1,2.600
1999-05-22,1,1.000
1999-06-11,20,10.800
1999-06-12,1,3.600
1999-06-15,3,7.000
1999-06-16,1,11.400
1999-06-19,3,4.800
1999-06-20,1,1.000
1999-06-21,1,1.200
1999-06-22,1,0.200
1999-06-28,6,4.600
1999-07-11,13,0.800
1999-07-12,1,4.400
1999-07-29,17,0.400
1999-08-13,15,76.200
1999-08-20,7,0.600
1999-08-21,1,0.800
1999-08-27,6,4.200
1999-08-29,2,23.200
1999-08-30,1,7.400
1999-09-03,4,3.400
1999-09-04,1,2.600
1999-09-05,1,44.200
1999-09-16,11,36.800
1999-09-17,1,0.800
1999-09-20,3,7.200
1999-09-21,1,29.000
1999-09-26,5,1.800
1999-09-28,2,2.400
1999-09-29,1,2.000
1999-10-01,2,28.200
1999-10-04,3,4.400
1999-10-05,1,13.400
1999-10-06,1,0.600
1999-10-19,13,15.200
1999-10-20,1,1.200
1999-10-21,1,29.600
1999-10-22,1,31.400
1999-10-23,1,14.400
1999-10-24,1,24.600
1999-10-25,1,12.000
1999-10-31,6,0.200
1999-11-03,2,4.600
1999-11-04,1,23.000
1999-11-05,1,2.600
1999-11-07,2,48.200
1999-11-08,1,2.000
1999-11-12,4,2.200
1999-11-14,2,7.800
1999-11-16,2,10.600
1999-11-17,1,0.200
1999-11-18,1,11.600
1999-11-19,1,15.000
1999-11-21,2,3.800
1999-11-22,1,10.600
1999-12-06,14,0.200
1999-12-09,3,0.400
1999-12-11,2,2.400
1999-12-13,2,0.400
1999-12-15,2,0.400
1999-12-16,1,31.400
1999-12-17,1,0.400
1999-12-20,3,3.000
1999-12-21,1,8.000
1999-12-25,4,0.400
1999-12-26,1,0.200
1999-12-28,2,3.800
2000-01-08,11,0.200
2000-01-11,3,0.200
2000-01-15,4,0.800
2000-01-23,8,9.400
2000-01-26,3,0.200
2000-02-03,8,2.600
2000-03-02,28,0.200
2000-03-25,23,2.400
2000-03-26,1,1.000
2000-03-27,1,2.000
2000-03-28,1,3.400
2000-03-29,1,54.000
2000-04-01,3,4.200
2000-04-03,2,6.000
2000-04-04,1,11.200
2000-04-07,3,13.600
2000-04-10,3,13.400
2000-04-11,1,1.400
2000-04-12,1,0.200
2000-04-15,3,0.200
2000-04-16,1,0.500
2000-04-17,1,0.500
2000-04-18,1,10.600
2000-04-19,1,2.400
2000-04-24,5,3.200
2000-04-28,4,1.400
2000-04-29,1,6.200
2000-04-30,1,0.200
2000-05-07,7,3.600
2000-05-08,1,33.200
2000-05-11,3,0.200
2000-05-12,1,1.200
2000-05-14,2,7.400
2000-05-28,14,1.200
2000-06-07,10,0.200
2000-06-08,1,0.800
2000-06-11,3,4.200
2000-06-12,1,40.600
2000-06-13,1,0.600
2000-06-14,1,21.800
2000-06-16,2,2.200
2000-06-17,1,0.400
2000-06-29,12,12.800
2000-07-01,2,1.000
2000-07-09,8,16.800
2000-07-11,2,0.200
2000-07-12,1,1.000
2000-07-15,3,1.400
2000-07-16,1,0.600
2000-07-24,8,1.400
2000-07-25,1,0.400
2000-07-29,4,0.600
2000-08-05,7,2.000
2000-08-06,1,9.400
2000-08-28,22,24.400
2000-08-31,3,3.000
2000-09-01,1,2.600
2000-09-05,4,0.800
2000-09-20,15,4.400
2000-09-21,1,18.600
2000-09-30,9,1.600
2000-10-01,1,9.600
2000-10-02,1,9.400
2000-10-03,1,11.600
2000-10-04,1,4.800
2000-10-07,3,25.800
2000-10-08,1,0.400
2000-10-11,3,4.200
2000-10-12,1,18.400
2000-10-13,1,21.200
2000-10-14,1,4.000
2000-10-15,1,7.000
2000-10-16,1,9.600
2000-10-17,1,18.000
2000-10-18,1,0.200
2000-10-30,11,1.800
2000-10-31,1,2.600
2000-11-01,1,9.000
2000-11-03,2,12.000
2000-11-04,1,18.600
2000-11-06,2,0.400
2000-11-07,1,12.400
2000-11-08,1,0.200
2000-11-09,1,1.400
2000-11-10,1,5.600
2000-11-13,3,1.400
2000-11-14,1,20.200
2000-11-15,1,2.200
2000-11-16,1,12.400
2000-11-17,1,20.400
2000-11-18,1,1.200
2000-11-20,2,2.400
2000-11-21,1,10.400
2000-11-24,3,0.400
2000-11-25,1,0.400
2000-11-26,1,0.400
2000-12-03,7,5.600
2000-12-04,1,4.200
2000-12-07,3,0.200
2000-12-08,1,0.400
2000-12-09,1,3.000
2000-12-12,3,0.200
2000-12-21,9,0.600
2000-12-25,4,18.800
2000-12-26,1,0.600
2000-12-27,1,6.000
2000-12-28,1,19.800
2000-12-30,2,2.000
2001-01-03,4,9.800
2001-01-05,2,5.200
2001-01-08,3,10.600
2001-01-11,3,1.400
2001-01-12,1,0.600
2001-01-13,1,8.600
2001-01-18,5,6.600
2001-01-21,3,0.800
2001-01-23,2,2.600
2001-01-24,1,1.000
2001-01-25,1,0.600
2001-01-26,1,9.600
2001-01-28,2,0.600
2001-01-30,2,5.800
2001-01-31,1,4.200
2001-02-01,1,2.000
2001-02-09,8,2.000
2001-02-10,1,4.800
2001-02-11,1,0.200
2001-02-25,14,13.000
2001-02-28,3,2.600
2001-03-01,1,5.600
2001-03-03,2,21.200
2001-03-04,1,1.000
2001-03-09,5,9.800
2001-03-11,2,1.200
2001-03-13,2,26.200
2001-03-14,1,2.800
2001-03-17,3,5.400
2001-03-18,1,8.400
2001-03-29,11,4.200
2001-03-30,1,18.600
2001-03-31,1,28.800
2001-04-05,5,11.200
2001-04-07,2,5.000
2001-04-08,1,10.000
2001-04-11,3,42.200
2001-04-12,1,17.200
2001-04-14,2,10.800
2001-04-17,3,1.400
2001-04-22,5,17.400
2001-04-24,2,2.200
2001-05-01,7,0.800
2001-05-03,2,2.200
2001-05-05,2,4.200
2001-05-06,1,0.600
2001-05-07,1,33.000
2001-05-08,1,9.400
2001-05-21,13,16.200
2001-05-22,1,18.400
2001-06-02,11,1.000
2001-06-03,1,16.600
2001-06-04,1,8.800
2001-06-07,3,4.000
2001-06-28,21,3.400
2001-06-29,1,30.400
2001-07-04,5,1.200
2001-07-16,12,6.200
2001-07-19,3,0.200
2001-07-20,1,41.800
2001-07-21,1,0.200
2001-07-25,4,1.200
2001-08-11,17,2.800
2001-08-31,20,2.400
2001-09-01,1,30.800
2001-09-02,1,7.400
2001-09-04,2,2.600
2001-09-05,1,29.000
2001-09-15,10,6.600
2001-09-17,2,0.200
2001-09-23,6,19.400
2001-09-24,1,11.200
2001-09-25,1,7.800
2001-09-30,5,9.600
2001-10-01,1,0.600
2001-10-07,6,0.600
2001-10-08,1,1.800
2001-10-09,1,2.200
2001-10-21,12,15.200
2001-10-24,3,2.200
2001-10-31,6,0.400
2001-11-06,6,0.200
2001-11-07,1,2.400
2001-11-09,2,12.600
2001-11-10,1,17.800
2001-11-11,1,1.800
2001-11-12,1,17.000
2001-11-19,7,29.000
2001-11-20,1,6.400
2001-11-28,8,2.000
2001-12-14,16,4.600
2001-12-15,1,0.400
2001-12-27,12,1.000
2002-01-16,20,0.400
2002-01-24,8,0.200
2002-01-25,1,13.800
2002-01-29,4,0.400
2002-02-01,3,0.200
2002-02-06,5,0.200
2002-02-07,1,6.800
2002-02-13,6,0.200
2002-02-15,2,11.200
2002-02-16,1,33.000
2002-02-17,1,0.600
2002-02-18,1,2.400
2002-02-21,3,1.400
2002-02-22,1,0.600
2002-03-06,12,7.600
2002-03-07,1,6.400
2002-04-06,30,0.400
2002-04-08,2,5.000
2002-04-09,1,6.200
2002-04-10,1,13.400
2002-04-11,1,0.400
2002-04-12,1,29.800
2002-04-13,1,19.600
2002-04-14,1,1.200
2002-04-15,1,0.400
2002-04-17,2,4.000
2002-04-20,3,6.000
2002-04-21,1,15.600
2002-04-22,1,1.000
2002-05-03,11,8.200
2002-05-04,1,4.800
2002-05-05,1,2.200
2002-05-09,4,20.200
2002-05-10,1,4.200
2002-05-11,1,44.600
2002-05-12,1,4.800
2002-05-13,1,0.600
2002-05-22,9,0.600
2002-05-24,2,0.600
2002-05-26,2,16.200
2002-06-05,10,3.200
2002-06-06,1,3.200
2002-06-07,1,0.800
2002-06-09,2,13.800
2002-06-10,1,6.000
2002-06-25,15,0.200
2002-06-26,1,6.200
2002-07-14,18,7.800
2002-07-15,1,2.800
2002-07-16,1,19.600
2002-07-17,1,3.400
2002-07-19,2,10.600
2002-07-26,7,5.600
2002-08-01,6,1.200
2002-08-02,1,0.400
2002-08-06,4,28.200
2002-08-07,1,3.400
2002-08-09,2,1.600
2002-08-10,1,2.400
2002-08-11,1,17.800
2002-08-12,1,0.400
2002-08-22,10,3.600
2002-08-24,2,29.000
2002-08-26,2,1.400
2002-08-27,1,0.400
2002-08-28,1,14.200
2002-08-29,1,33.200
2002-09-04,6,1.200
2002-09-05,1,12.200
2002-09-06,1,1.600
2002-09-07,1,0.200
2002-09-22,15,3.200
2002-09-23,1,18.800
2002-09-24,1,7.400
2002-09-25,1,5.400
2002-10-07,12,0.200
2002-10-08,1,0.200
2002-10-09,1,1.600
2002-10-10,1,8.400
2002-10-11,1,26.400
2002-10-12,1,4.200
2002-10-18,6,2.400
2002-10-22,4,40.000
2002-11-04,12,0.600
2002-11-08,4,0.400
2002-11-13,5,1.000
2002-11-14,1,8.800
2002-11-17,3,6.800
2002-11-18,1,28.200
2002-11-19,1,13.800
2002-11-21,2,2.000
2002-11-22,1,3.800
2002-11-23,1,0.600
2002-11-24,1,0.800
2002-11-25,1,9.800
2002-11-26,1,3.800
2002-11-27,1,3.000
2002-11-28,1,8.600
2002-11-29,1,3.600
2002-12-01,2,25.400
2002-12-03,2,10.400
2002-12-04,1,4.200
2002-12-05,1,4.200
2002-12-06,1,10.800
2002-12-07,1,1.000
2002-12-13,6,15.200
2002-12-15,2,0.200
2002-12-16,1,0.800
2002-12-18,2,22.800
2002-12-19,1,1.400
2002-12-24,5,0.600
2002-12-25,1,1.600
2002-12-26,1,1.800
2002-12-30,4,13.400
2002-12-31,1,9.200
2003-01-05,5,8.600
2003-01-06,1,16.600
2003-01-07,1,2.000
2003-01-08,1,10.400
2003-01-09,1,0.400
2003-01-16,7,0.600
2003-01-17,1,0.200
2003-01-19,2,0.200
2003-01-20,1,0.200
2003-01-21,1,2.800
2003-02-03,13,0.200
2003-02-04,1,3.400
2003-03-01,25,1.600
2003-03-02,1,20.400
2003-03-06,4,8.200
2003-03-14,8,0.400
2003-04-02,19,38.000
2003-04-03,1,33.200
2003-04-04,1,2.600
2003-04-06,2,0.200
2003-04-07,1,0.200
2003-04-09,2,2.000
2003-04-10,1,7.400
2003-04-11,1,15.600
2003-04-12,1,1.800
2003-04-20,8,20.400
2003-04-21,1,1.600
2003-04-26,5,5.800
2003-05-01,5,0.400
2003-05-10,9,2.000
2003-05-20,10,2.400
2003-06-01,12,2.200
2003-06-03,2,0.400
2003-06-07,4,0.600
2003-06-09,2,0.200
2003-06-15,6,0.400
2003-06-16,1,0.600
2003-06-27,11,1.200
2003-06-29,2,12.400
2003-07-10,11,0.200
2003-07-24,14,0.800
2003-07-25,1,4.200
2003-08-01,7,0.400
2003-08-15,14,0.600
2003-08-17,2,0.200
2003-08-22,5,3.000
2003-08-30,8,0.600
2003-09-09,10,6.600
2003-09-10,1,3.400
2003-09-25,15,8.000
2003-09-29,4,20.600
2003-09-30,1,0.200
2003-10-03,3,0.400
2003-10-05,2,0.200
2003-10-06,1,0.400
2003-10-07,1,0.400
2003-10-11,4,0.200
2003-10-20,9,0.200
2003-10-21,1,0.200
2003-11-06,15,0.600
2003-11-07,1,1.000
2003-11-08,1,1.200
2003-11-09,1,0.600
2003-11-16,7,1.200
2003-11-17,1,5.000
2003-11-21,4,0.400
2003-11-22,1,0.600
2003-11-23,1,0.600
2003-11-24,1,0.400
2003-11-25,1,14.600
2003-11-26,1,8.800
2003-11-27,1,6.200
2003-11-28,1,17.600
2003-12-01,3,1.600
2003-12-02,1,0.400
2003-12-03,1,0.400
2003-12-04,1,5.200
2003-12-05,1,1.400
2003-12-07,2,0.200
2003-12-10,3,2.000
2003-12-11,1,9.800
2003-12-15,4,0.200
2003-12-29,14,0.800
2003-12-30,1,0.600
2003-12-31,1,0.200
2004-01-01,1,0.200
2004-01-02,1,8.400
2004-01-09,7,6.000
2004-01-10,1,0.200
2004-01-17,7,2.000
2004-01-18,1,17.200
2004-01-19,1,38.600
2004-01-27,8,2.800
2004-02-19,23,19.200
2004-02-20,1,26.400
2004-02-21,1,12.800
2004-02-22,1,6.600
2004-02-23,1,3.200
2004-02-24,1,16.200
2004-02-25,1,1.800
2004-02-26,1,5.400
2004-02-27,1,12.000
2004-02-28,1,5.800
2004-02-29,1,20.400
2004-03-01,1,0.600
2004-03-07,6,26.000
2004-03-08,1,11.600
2004-03-09,1,3.800
2004-03-11,2,19.600
2004-03-12,1,13.400
2004-03-23,11,3.800
2004-03-24,1,13.400
2004-03-26,2,3.400
2004-03-27,1,3.600
2004-04-08,12,3.600
2004-04-09,1,3.200
2004-04-10,1,9.800
2004-04-12,2,0.400
2004-04-13,1,8.600
2004-04-14,1,2.600
2004-04-16,2,3.400
2004-04-17,1,18.600
2004-04-20,3,8.200
2004-04-25,5,4.000
2004-04-30,5,13.400
2004-05-01,1,4.400
2004-05-03,2,3.400
2004-05-04,1,19.200
2004-05-05,1,19.200
2004-05-06,1,1.200
2004-05-07,1,4.600
2004-05-08,1,4.200
2004-05-13,5,0.400
2004-05-23,10,5.400
2004-05-29,6,1.400
2004-06-01,3,0.200
2004-06-02,1,8.200
2004-06-05,3,0.400
2004-06-06,1,0.800
2004-06-13,7,24.400
2004-06-14,1,1.000
2004-06-22,8,14.800
2004-07-08,16,0.200
2004-07-09,1,1.000
2004-07-12,3,13.000
2004-07-20,8,1.000
2004-07-25,5,25.200
2004-08-04,10,4.400
2004-08-06,2,55.400
2004-08-09,3,0.400
2004-08-12,3,43.200
2004-09-13,32,5.000
2004-09-15,2,70.400
2004-09-16,1,7.800
2004-09-25,9,1.200
2004-10-11,16,3.200
2004-10-12,1,11.200
2004-10-13,1,0.400
2004-10-15,2,2.200
2004-10-16,1,0.600
2004-10-17,1,18.400
2004-10-19,2,0.600
2004-10-20,1,0.600
2004-10-26,6,0.400
2004-10-27,1,16.600
2004-10-29,2,5.200
2004-10-30,1,1.600
2004-10-31,1,42.200
2004-11-01,0,1.400
2004-11-02,1,4.200
2004-11-03,1,0.400
2004-11-06,3,0.200
2004-11-07,1,1.200
2004-11-08,1,5.800
2004-11-10,2,23.400
2004-11-11,1,21.400
2004-11-12,1,40.600
2004-11-13,1,1.000
2004-11-14,1,3.200
2004-11-30,16,22.400
2004-12-02,2,6.800
2004-12-03,1,7.000
2004-12-05,2,22.200
2004-12-06,1,5.800
2004-12-17,11,1.000
2004-12-18,1,2.600
2004-12-26,8,0.400
2004-12-27,1,2.800
2004-12-28,1,2.200
2004-12-29,1,28.000
2004-12-30,1,0.600
2005-01-19,20,4.800
2005-02-21,33,12.800
2005-02-22,1,3.400
2005-02-24,2,0.200
2005-02-25,1,2.800
2005-02-28,3,3.000
2005-03-01,1,0.600
2005-03-04,3,6.200
2005-03-07,3,3.000
2005-03-25,18,1.400
2005-03-28,3,6.200
2005-03-30,2,2.400
2005-03-31,1,5.400
2005-04-09,9,10.400
2005-04-10,1,4.600
2005-04-11,1,44.200
2005-04-12,1,12.200
2005-04-13,1,3.800
2005-04-17,4,3.200
2005-04-18,1,1.000
2005-04-20,2,11.200
2005-04-21,1,1.600
2005-04-22,1,3.000
2005-04-24,2,2.400
2005-04-25,1,18.600
2005-04-26,1,0.200
2005-05-04,8,0.400
2005-05-05,1,6.800
2005-05-11,6,1.600
2005-05-15,4,0.800
2005-05-18,3,9.800
2005-05-24,6,2.600
2005-06-06,13,0.800
2005-06-07,1,0.200
2005-06-08,1,0.400
2005-06-14,6,1.200
2005-06-15,1,0.400
2005-07-05,20,0.200
2005-07-08,3,17.800
2005-07-09,1,2.200
2005-07-11,2,0.600
2005-07-13,2,2.000
2005-07-19,6,3.000
2005-08-01,13,1.000
2005-08-02,1,0.400
2005-08-03,1,0.600
2005-08-11,8,2.400
2005-08-12,1,19.000
2005-08-16,4,1.800
2005-08-22,6,46.800
2005-08-23,1,2.200
2005-08-27,4,0.400
2005-08-28,1,26.000
2005-08-29,1,10.800
2005-09-09,11,18.400
2005-09-10,1,0.400
2005-09-18,8,53.400
2005-09-19,1,0.600
2005-10-02,13,0.400
2005-10-03,1,3.000
2005-10-04,1,21.800
2005-10-05,1,5.800
2005-10-06,1,12.800
2005-10-07,1,84.600
2005-10-08,1,50.000
2005-10-09,1,1.200
2005-10-20,11,10.000
2005-10-21,1,2.200
2005-10-23,2,0.600
2005-10-24,1,6.600
2005-11-02,8,18.200
2005-11-05,3,0.200
2005-11-06,1,31.400
2005-11-07,1,21.800
2005-11-10,3,4.000
2005-11-11,1,3.200
2005-11-22,11,1.400
2005-11-23,1,1.000
2005-11-26,3,0.600
2005-11-27,1,7.800
2005-11-29,2,0.400
2005-11-30,1,2.000
2005-12-01,1,12.600
2005-12-03,2,25.600
2005-12-05,2,9.000
2005-12-06,1,0.600
2005-12-07,1,2.400
2005-12-09,2,10.800
2005-12-10,1,0.600
2005-12-13,3,8.800
2005-12-25,12,0.200
2005-12-26,1,3.800
2005-12-27,1,13.600
2005-12-28,1,4.400
2005-12-29,1,6.000
2006-01-02,4,1.400
2006-01-03,1,0.400
2006-01-18,15,3.800
2006-01-26,8,0.600
2006-01-27,1,19.000
2006-01-28,1,2.000
2006-01-29,1,2.400
2006-01-30,1,5.800
2006-01-31,1,1.600
2006-02-16,16,0.600
2006-02-19,3,1.400
2006-02-20,1,8.000
2006-02-21,1,1.000
2006-02-22,1,8.000
2006-02-23,1,0.800
2006-02-24,1,11.000
2006-02-25,1,21.600
2006-02-26,1,0.400
2006-02-28,2,0.600
2006-03-02,2,2.200
2006-03-06,4,15.600
2006-03-10,4,3.400
2006-03-13,3,0.400
2006-03-16,3,0.200
2006-03-17,1,0.200
2006-03-21,4,1.200
2006-03-22,1,10.000
2006-03-23,1,1.000
2006-03-25,2,1.400
2006-04-07,13,4.200
2006-04-11,4,1.200
2006-04-12,1,1.000
2006-04-16,4,0.400
2006-04-18,2,3.200
2006-04-19,1,9.600
2006-04-26,7,3.000
2006-04-28,2,2.600
2006-04-29,1,7.400
2006-04-30,1,13.000
2006-05-09,9,3.600
2006-05-10,1,4.800
2006-05-11,1,0.200
2006-05-14,3,3.400
2006-05-25,11,1.400
2006-05-30,5,0.800
2006-05-31,1,3.400
2006-06-01,1,3.000
2006-06-02,1,4.600
2006-06-03,1,0.400
2006-06-06,3,3.000
2006-06-30,24,0.400
2006-07-07,7,11.200
2006-07-24,17,0.600
2006-07-29,5,1.200
2006-08-02,4,2.800
2006-08-03,1,1.400
2006-08-04,1,25.000
2006-08-11,7,10.200
2006-08-12,1,19.400
2006-08-14,2,2.800
2006-08-16,2,11.000
2006-08-17,1,6.000
2006-08-19,2,0.800
2006-08-21,2,2.000
2006-08-22,1,0.200
2006-08-30,8,10.200
2006-09-09,10,11.000
2006-09-15,6,5.600
2006-09-17,2,51.400
2006-09-18,1,12.200
2006-09-25,7,0.400
2006-09-26,1,41.200
2006-09-27,1,0.600
2006-10-01,4,1.400
2006-10-08,7,2.000
2006-10-20,12,5.200
2006-10-21,1,12.200
2006-10-22,1,2.200
2006-11-02,10,1.000
2006-11-17,15,3.400
2006-11-18,1,8.600
2006-11-19,1,2.200
2006-11-20,1,19.600
2006-11-22,2,19.400
2006-11-24,2,1.400
2006-11-25,1,2.800
2006-11-26,1,0.200
2006-11-27,1,0.200
2006-11-28,1,0.400
2006-12-06,8,2.400
2006-12-07,1,1.800
2006-12-09,2,1.400
2006-12-10,1,1.000
2006-12-17,7,0.200
2006-12-18,1,12.200
2006-12-19,1,4.800
2007-01-18,30,0.200
2007-01-23,5,8.800
2007-01-24,1,2.800
2007-01-25,1,2.800
2007-01-26,1,2.800
2007-01-27,1,1.200
2007-02-02,6,0.200
2007-02-07,5,11.800
2007-02-08,1,14.200
2007-02-09,1,1.400
2007-02-13,4,15.000
2007-02-15,2,3.600
2007-02-25,10,1.200
2007-02-26,1,0.800
2007-03-07,9,0.800
2007-03-08,1,1.800
2007-03-20,12,11.600
2007-03-21,1,11.000
2007-03-22,1,3.800
2007-03-25,3,9.200
2007-03-26,1,52.600
2007-03-27,1,7.000
2007-03-28,1,0.200
2007-03-30,2,10.400
2007-03-31,1,4.600
2007-04-01,1,12.000
2007-04-02,1,0.200
2007-04-04,2,6.400
2007-04-05,1,6.800
2007-05-02,27,2.200
2007-05-03,1,0.600
2007-05-04,1,21.800
2007-05-05,1,48.600
2007-05-16,11,1.600
2007-05-27,11,1.200
2007-05-28,1,0.200
2007-05-29,1,34.400
2007-06-01,3,0.600
2007-06-02,1,23.400
2007-06-03,1,8.800
2007-06-05,2,8.800
2007-06-06,1,8.400
2007-06-07,1,62.800
2007-06-08,1,10.000
2007-06-13,5,7.800
2007-06-14,1,0.200
2007-06-16,2,0.600
2007-06-28,12,3.600
2007-07-05,7,8.000
2007-08-09,35,2.200
2007-08-10,1,1.800
2007-08-20,10,3.400
2007-08-21,1,0.800
2007-08-22,1,3.000
2007-08-23,1,2.000
2007-08-29,6,1.400
2007-08-31,2,1.000
2007-09-17,17,0.200
2007-09-18,1,1.000
2007-09-19,1,7.400
2007-09-27,8,6.800
2007-09-28,1,14.000
2007-09-29,1,1.800
2007-10-05,6,0.200
2007-10-07,2,21.400
2007-10-21,14,0.200
2007-10-24,3,8.200
2007-10-25,1,12.400
2007-10-26,1,29.400
2007-10-27,1,9.000
2007-10-30,2,7.400
2007-10-31,1,40.600
2007-11-09,9,0.400
2007-11-23,14,2.800
2007-11-24,1,37.200
2007-11-25,1,8.600
2007-12-08,13,0.200
2007-12-10,2,5.000
2007-12-11,1,0.200
2007-12-17,6,0.200
2007-12-23,6,1.800
2007-12-24,1,5.200
2008-01-04,11,5.600
2008-01-05,1,6.600
2008-01-06,1,1.400
2008-01-11,5,0.400
2008-01-12,1,4.400
2008-01-13,1,12.400
2008-01-14,1,1.800
2008-01-16,2,1.600
2008-01-17,1,6.200
2008-02-03,17,5.000
2008-02-04,1,5.600
2008-02-05,1,7.200
2008-03-05,29,2.400
2008-03-07,2,1.200
2008-03-08,1,2.800
2008-03-10,2,0.400
2008-03-11,1,0.600
2008-03-19,8,0.200
2008-03-24,5,0.200
2008-03-28,4,9.800
2008-04-08,11,0.800
2008-04-09,1,1.400
2008-04-10,1,0.400
2008-04-11,1,2.000
2008-04-12,1,1.400
2008-04-13,1,1.800
2008-04-15,2,7.400
2008-04-16,1,0.400
2008-04-18,2,22.200
2008-04-19,1,3.600
2008-04-21,2,8.800
2008-04-22,1,17.000
2008-04-29,7,7.200
2008-05-16,17,6.000
2008-05-17,1,0.600
2008-05-18,1,1.400
2008-05-19,1,23.400
2008-05-20,1,56.800
2008-05-21,1,19.000
2008-05-22,1,3.400
2008-05-23,1,35.400
2008-05-26,3,1.000
2008-05-29,3,0.400
2008-05-30,1,17.200
2008-05-31,1,0.800
2008-06-04,4,24.000
2008-06-05,1,2.800
2008-06-07,2,14.800
2008-06-08,1,0.600
2008-06-09,1,2.800
2008-06-12,3,0.200
2008-06-13,1,4.000
2008-06-14,1,40.800
2008-06-16,2,10.000
2008-06-17,1,1.400
2008-06-18,1,6.000
2008-06-28,10,3.000
2008-06-30,2,4.000
2008-07-14,14,2.600
2008-07-18,4,1.000
2008-07-22,4,0.800
2008-07-31,9,0.400
2008-08-07,7,22.400
2008-08-16,9,0.600
2008-08-18,2,0.200
2008-09-02,15,1.600
2008-09-05,3,0.200
2008-09-12,7,0.200
2008-09-14,2,1.200
2008-09-15,1,0.800
2008-09-19,4,0.200
2008-10-25,36,0.200
2008-10-29,3,10.200
2008-10-30,1,8.200
2008-10-31,1,10.400
2008-11-01,1,20.200
2008-11-03,2,4.200
2008-11-04,1,30.400
2008-11-05,1,21.400
2008-11-06,1,0.800
2008-11-07,1,4.400
2008-11-12,5,4.400
2008-11-13,1,19.200
2008-11-14,1,68.600
2008-11-15,1,0.400
2008-11-19,4,0.200
2008-11-24,5,8.600
2008-11-25,1,2.200
2008-11-28,3,10.600
2008-11-29,1,24.400
2008-11-30,1,25.200
2008-12-01,1,26.800
2008-12-02,1,5.600
2008-12-03,1,1.000
2008-12-05,2,3.600
2008-12-06,1,5.000
2008-12-10,4,8.400
2008-12-11,1,23.400
2008-12-12,1,10.000
2008-12-13,1,14.400
2008-12-14,1,2.000
2008-12-15,1,7.000
2008-12-16,1,12.200
2008-12-17,1,0.800
2008-12-23,6,0.200
2008-12-26,3,2.600
2008-12-28,2,0.600
2008-12-29,1,0.400
2009-01-01,3,3.200
2009-01-07,6,6.600
2009-01-08,1,27.200
2009-01-14,6,2.600
2009-01-15,1,3.400
2009-01-19,4,0.200
2009-01-20,1,5.400
2009-01-21,1,15.000
2009-01-24,3,1.000
2009-01-25,1,21.200
2009-01-27,2,12.200
2009-01-28,1,1.000
2009-02-02,5,3.600
2009-02-03,1,21.200
2009-02-04,1,0.400
2009-02-06,2,17.600
2009-02-07,1,16.800
2009-02-08,1,1.600
2009-02-09,1,0.200
2009-02-10,1,0.400
2009-02-11,1,1.600
2009-03-02,19,3.800
2009-03-03,1,0.400
2009-03-04,1,1.000
2009-03-05,1,31.800
2009-03-06,1,22.200
2009-03-16,10,1.000
2009-03-20,4,0.800
2009-03-29,9,14.200
2009-03-30,1,40.400
2009-03-31,1,0.200
2009-04-01,1,18.200
2009-04-02,1,15.000
2009-04-03,1,1.800
2009-04-04,1,3.000
2009-04-05,1,6.200
2009-04-06,1,0.600
2009-04-08,2,0.600
2009-04-14,6,2.800
2009-04-16,2,3.800
2009-04-17,1,1.000
2009-04-19,2,2.800
2009-04-20,1,28.000
2009-04-21,1,6.800
2009-04-22,1,4.400
2009-04-26,4,0.400
2009-04-27,1,13.000
2009-04-28,1,17.400
2009-04-29,1,20.800
2009-04-30,1,13.000
2009-05-05,5,1.600
2009-05-16,11,0.200
2009-05-28,12,19.600
2009-06-01,4,0.400
2009-06-18,17,10.600
2009-06-20,2,2.400
2009-06-26,6,6.800
2009-06-29,3,0.800
2009-06-30,1,8.400
2009-07-06,6,4.200
2009-07-08,2,3.600
2009-07-10,2,1.200
2009-08-04,25,0.200
2009-08-09,5,12.200
2009-08-11,2,0.200
2009-08-23,12,18.800
2009-08-27,4,0.200
2009-08-30,3,2.000
2009-08-31,1,0.200
2009-09-14,14,8.600
2009-09-15,1,3.200
2009-09-16,1,9.800
2009-09-17,1,11.200
2009-09-21,4,18.800
2009-09-22,1,4.600
2009-10-10,18,2.200
2009-10-13,3,3.400
2009-10-22,9,22.400
2009-10-23,1,0.200
2009-10-24,1,3.400
2009-11-03,9,17.800
2009-11-06,3,18.000
2009-11-07,1,1.400
2009-11-08,1,7.400
2009-11-09,1,22.200
2009-11-10,1,2.600
2009-11-11,1,0.200
2009-11-27,16,3.800
2009-11-28,1,0.800
2009-11-29,1,2.400
2009-11-30,1,7.800
2009-12-01,1,6.200
2009-12-04,3,16.000
2009-12-05,1,17.800
2009-12-08,3,7.000
2009-12-14,6,0.200
2009-12-17,3,0.600
2009-12-19,2,17.600
2009-12-20,1,1.400
2009-12-22,2,5.400
2009-12-23,1,13.600
2009-12-24,1,7.600
2009-12-25,1,20.200
2009-12-29,4,1.400
2009-12-30,1,4.000
2009-12-31,1,0.200
2010-01-02,2,0.600
2010-01-06,4,6.800
2010-01-08,2,19.600
2010-01-09,1,9.800
2010-01-10,1,8.800
2010-01-27,17,4.600
2010-01-31,4,5.200
2010-02-01,1,4.000
2010-02-05,4,3.400
2010-02-06,1,17.600
2010-02-10,4,1.600
2010-02-11,1,2.800
2010-02-12,1,5.800
2010-02-17,5,1.600
2010-02-18,1,5.400
2010-02-19,1,5.000
2010-02-20,1,15.000
2010-02-22,2,4.200
2010-02-23,1,5.200
2010-02-24,1,0.600
2010-02-26,2,2.400
2010-02-27,1,1.200
2010-03-04,5,32.200
2010-03-05,1,14.000
2010-03-06,1,3.800
2010-03-07,1,1.600
2010-03-08,1,0.200
2010-03-10,2,19.600
2010-03-11,1,11.600
2010-03-22,11,9.800
2010-03-23,1,10.000
2010-03-31,8,0.200
2010-04-01,1,2.200
2010-04-02,1,7.600
2010-04-05,3,20.200
2010-04-11,6,4.600
2010-04-17,6,0.200
2010-04-18,1,13.400
2010-04-23,5,14.400
2010-04-24,1,21.400
2010-04-25,1,0.400
2010-04-27,2,7.800
2010-05-02,5,0.200
2010-05-03,1,9.400
2010-05-04,1,10.400
2010-05-05,1,39.200
2010-05-06,1,8.000
2010-05-08,2,0.600
2010-05-10,2,3.200
2010-05-11,1,9.800
2010-05-12,1,7.400
2010-05-15,3,2.000
2010-05-16,1,1.800
2010-05-19,3,0.800
2010-05-30,11,4.600
2010-06-13,14,0.800
2010-06-15,2,1.800
2010-06-16,1,18.200
2010-06-17,1,6.800
2010-06-18,1,2.600
2010-06-20,2,42.200
2010-06-21,1,39.000
2010-07-05,14,1.400
2010-07-30,25,3.000
2010-08-05,6,19.800
2010-08-06,1,7.200
2010-08-13,7,17.800
2010-08-14,1,1.200
2010-08-15,1,14.800
2010-09-08,24,50.400
2010-09-14,6,1.200
2010-09-18,4,1.400
2010-09-19,1,10.800
2010-09-25,6,22.000
2010-09-27,2,8.200
2010-09-28,1,3.800
2010-10-04,6,0.400
2010-10-05,1,25.800
2010-10-13,8,0.200
2010-10-17,4,33.400
2010-10-18,1,4.400
2010-10-25,7,14.800
2010-10-26,1,22.200
2010-10-27,1,0.200
2010-10-31,4,12.000
2010-11-01,0,18.000
2010-11-02,1,35.600
2010-11-03,1,10.600
2010-11-08,5,0.800
2010-11-09,1,6.000
2010-11-10,1,3.200
2010-11-11,1,9.000
2010-11-16,5,13.600
2010-11-17,1,1.200
2010-11-19,2,1.200
2010-11-20,1,1.800
2010-11-21,1,11.400
2010-11-22,1,26.600
2010-11-23,1,0.200
2010-11-24,1,2.600
2010-11-25,1,0.400
2010-11-26,1,12.000
2010-11-27,1,7.200
2010-11-29,2,17.000
2010-12-01,2,26.800
2010-12-02,1,4.000
2010-12-03,1,4.200
2010-12-04,1,3.000
2010-12-05,1,0.400
2010-12-06,1,2.200
2010-12-07,1,0.800
2010-12-08,1,0.200
2010-12-18,10,1.000
2010-12-22,4,6.000
2010-12-23,1,8.800
2010-12-24,1,22.600
2010-12-25,1,3.400
2010-12-26,1,14.400
2010-12-27,1,4.400
2011-01-07,11,0.200
2011-01-10,3,0.800
2011-01-11,1,10.400
2011-01-16,5,0.200
2011-01-17,1,0.200
2011-01-20,3,5.400
2011-01-21,1,2.200
2011-01-28,7,1.200
2011-01-30,2,6.800
2011-01-31,1,6.200
2011-02-16,16,6.400
2011-02-17,1,16.600
2011-02-18,1,9.800
2011-02-19,1,0.400
2011-02-21,2,8.600
2011-02-27,6,5.200
2011-02-28,1,7.000
2011-03-01,1,20.000
2011-03-03,2,0.600
2011-03-04,1,2.000
2011-03-13,9,4.600
2011-03-14,1,18.600
2011-03-15,1,2.800
2011-03-16,1,23.400
2011-03-17,1,12.600
2011-03-18,1,1.400
2011-03-28,10,9.600
2011-03-29,1,2.000
2011-04-15,17,5.600
2011-04-16,1,3.800
2011-04-23,7,0.400
2011-04-27,4,0.200
2011-04-29,2,0.400
2011-05-01,2,0.400
2011-05-09,8,0.200
2011-05-15,6,5.600
2011-05-16,1,6.000
2011-05-28,12,3.600
2011-06-01,4,1.600
2011-06-02,1,2.600
2011-06-03,1,4.000
2011-06-04,1,0.800
2011-06-05,1,2.000
2011-06-06,1,22.400
2011-06-07,1,12.600
2011-06-08,1,15.000
2011-06-09,1,18.400
2011-06-12,3,9.000
2011-06-30,18,24.000
2011-07-02,2,0.600
2011-07-05,3,2.800
2011-07-20,15,1.600
2011-07-23,3,1.200
2011-07-24,1,13.400
2011-09-05,43,22.600
2011-09-06,1,7.200
2011-09-07,1,0.400
2011-09-18,11,0.800
2011-09-19,1,4.200
2011-10-08,19,2.600
2011-10-20,12,39.200
2011-10-21,1,1.800
2011-10-25,4,10.000
2011-10-26,1,62.200
2011-11-04,8,0.800
2011-11-05,1,3.600
2011-11-06,1,21.600
2011-11-07,1,24.800
2011-11-08,1,7.800
2011-12-02,24,1.400
2011-12-03,1,3.800
2011-12-04,1,1.000
2011-12-12,8,5.000
2011-12-13,1,9.000
2011-12-17,4,0.400
2011-12-25,8,3.200
2012-01-03,9,16.000
2012-01-06,3,1.600
2012-02-01,26,10.800
2012-02-02,1,1.000
2012-02-08,6,1.400
2012-02-09,1,2.000
2012-02-11,2,1.000
2012-02-12,1,1.600
2012-02-20,8,7.000
2012-02-21,1,16.000
2012-03-06,14,10.800
2012-04-04,29,0.400
2012-04-05,1,8.600
2012-04-06,1,1.000
2012-04-09,3,3.400
2012-04-11,2,8.600
2012-04-12,1,12.400
2012-04-14,2,8.000
2012-04-15,1,11.400
2012-04-16,1,12.400
2012-04-17,1,7.600
2012-04-19,2,1.200
2012-04-20,1,9.600
2012-04-24,4,3.800
2012-05-01,7,5.400
2012-05-02,1,19.000
2012-05-13,11,1.400
2012-05-20,7,3.800
2012-05-21,1,41.200
2012-05-22,1,5.600
2012-05-26,4,1.400
2012-06-04,9,2.000
2012-06-05,1,9.800
2012-06-14,9,1.800
2012-07-22,38,1.000
2012-08-31,40,2.600
2012-09-01,1,6.000
2012-09-02,1,0.800
2012-09-03,1,3.800
2012-09-04,1,27.400
2012-09-05,1,9.000
2012-09-13,8,19.200
2012-09-25,12,1.000
2012-09-26,1,0.600
2012-09-27,1,15.800
2012-09-29,2,3.000
2012-09-30,1,12.200
2012-10-01,1,22.000
2012-10-02,1,18.200
2012-10-09,7,2.000
2012-10-12,3,11.600
2012-10-16,4,4.800
2012-10-26,10,2.400
2012-10-27,1,53.200
2012-10-28,1,9.200
2012-10-29,0,10.400
2012-11-01,3,44.600
2012-11-04,3,4.400
2012-11-05,1,7.400
2012-11-11,6,44.400
2012-11-12,1,2.800
2012-11-14,2,0.600
2012-11-20,6,2.200
2012-11-23,3,0.600
2012-11-28,5,31.000
2012-11-29,1,13.800
2012-11-30,1,1.600
2012-12-01,1,16.200
2012-12-02,1,11.600
2012-12-08,6,5.800
2012-12-14,6,1.400
2012-12-15,1,0.600
2012-12-16,1,0.600
2012-12-26,10,0.200
2012-12-27,1,4.400
2013-01-02,6,1.400
2013-01-03,1,13.000
2013-02-02,30,0.400
2013-02-03,1,23.200
2013-02-11,8,0.800
2013-02-12,1,24.000
2013-03-06,22,12.400
2013-03-07,1,19.200
2013-03-08,1,5.000
2013-03-09,1,12.600
2013-03-10,1,16.800
2013-03-13,3,2.600
2013-03-14,1,7.000
2013-03-15,1,4.600
2013-03-24,9,15.800
2013-03-25,1,31.000
2013-03-26,1,0.400
2013-03-27,1,0.600
2013-03-28,1,0.200
2013-03-29,1,4.400
2013-03-30,1,3.200
2013-03-31,1,26.600
2013-04-01,1,5.200
2013-04-02,1,13.200
2013-04-03,1,1.000
2013-04-05,2,54.400
2013-04-06,1,11.400
2013-04-09,3,3.800
2013-04-10,1,11.400
2013-04-20,10,5.800
2013-04-21,1,11.400
2013-04-22,1,8.600
2013-04-23,1,5.800
2013-04-24,1,1.200
2013-04-27,3,7.400
2013-04-28,1,4.600
2013-04-29,1,6.400
2013-04-30,1,2.400
2013-05-01,1,0.200
2013-05-03,2,10.000
2013-05-06,3,10.200
2013-05-08,2,18.600
2013-05-10,2,0.800
2013-05-11,1,0.200
2013-05-12,1,0.400
2013-05-16,4,27.400
2013-05-17,1,16.200
2013-05-19,2,13.200
2013-05-23,4,1.200
2013-05-24,1,11.200
2013-05-26,2,10.000
2013-05-29,3,0.800
2013-05-31,2,9.000
2013-06-03,3,0.400
2013-06-10,7,5.400
2013-06-24,14,3.600
2013-06-26,2,0.800
2013-06-28,2,12.600
2013-07-13,15,27.000
2013-07-30,17,0.600
2013-08-09,10,1.400
2013-08-15,6,0.800
2013-08-20,5,5.000
2013-08-25,5,8.800
2013-08-26,1,11.600
2013-08-28,2,3.000
2013-09-09,12,1.400
2013-09-11,2,0.600
2013-09-12,1,0.200
2013-09-16,4,17.400
2013-09-29,13,1.600
2013-09-30,1,10.000
2013-10-01,1,1.000
2013-10-04,3,0.200
2013-10-05,1,10.400
2013-10-06,1,7.200
2013-10-07,1,58.000
2013-10-08,1,34.200
2013-10-09,1,1.000
2013-10-11,2,1.800
2013-10-12,1,2.400
2013-10-15,3,3.600
2013-10-21,6,41.600
2013-10-24,3,7.600
2013-10-30,5,5.400
2013-10-31,1,0.800
2013-11-02,2,0.200
2013-11-05,3,6.400
2013-11-09,4,1.800
2013-11-15,6,9.400
2013-11-16,1,13.000
2013-11-18,2,0.200
2013-11-19,1,5.600
2013-11-20,1,0.800
2013-11-21,1,0.600
2013-11-22,1,8.000
2013-11-23,1,8.000
2013-11-24,1,37.800
2013-12-21,27,1.600
2013-12-22,1,0.200
2013-12-25,3,3.600
2013-12-27,2,1.000
2013-12-29,2,8.000
2013-12-30,1,3.200
2014-01-02,3,0.600
2014-01-03,1,1.800
2014-01-04,1,11.400
2014-01-05,1,10.200
2014-01-12,7,0.200
2014-01-13,1,2.400
2014-01-14,1,6.800
2014-01-16,2,0.600
2014-01-17,1,9.000
2014-01-18,1,23.400
2014-01-19,1,17.200
2014-01-23,4,1.200
2014-01-27,4,0.800
2014-01-28,1,10.800
2014-01-29,1,0.800
2014-01-30,1,27.800
2014-01-31,1,4.000
2014-02-01,1,2.200
2014-02-02,1,10.600
2014-02-03,1,8.600
2014-02-04,1,1.400
2014-02-05,1,1.600
2014-02-06,1,5.000
2014-02-07,1,9.000
2014-02-08,1,4.800
2014-02-09,1,12.800
2014-02-10,1,20.000
2014-02-11,1,0.400
2014-02-17,6,0.800
2014-02-19,2,8.800
2014-02-20,1,2.400
2014-02-21,1,14.400
2014-02-22,1,4.000
2014-02-26,4,2.200
2014-02-27,1,0.200
2014-03-01,2,29.200
2014-03-02,1,12.800
2014-03-03,1,0.600
2014-03-04,1,6.600
2014-03-22,18,1.000
2014-03-23,1,11.600
2014-03-24,1,18.600
2014-03-25,1,3.800
2014-03-26,1,4.200
2014-03-27,1,0.400
2014-04-04,8,29.200
2014-04-15,11,0.400
2014-04-19,4,6.400
2014-04-20,1,1.000
2014-04-21,1,8.200
2014-04-22,1,0.400
2014-04-27,5,1.200
2014-04-28,1,25.400
2014-04-29,1,8.400
2014-04-30,1,18.800
2014-05-02,2,17.800
2014-05-03,1,5.200
2014-05-13,10,1.600
2014-05-26,13,0.400
2014-05-27,1,1.000
2014-05-31,4,2.800
2014-06-09,9,0.200
2014-06-13,4,0.200
2014-06-14,1,11.800
2014-06-15,1,3.600
2014-06-16,1,0.200
2014-06-18,2,0.600
2014-06-25,7,3.600
2014-06-29,4,4.400
2014-07-08,9,8.600
2014-07-09,1,0.200
2014-07-12,3,46.000
2014-07-21,9,14.000
2014-07-24,3,4.600
2014-07-26,2,7.800
2014-07-29,3,13.000
2014-07-30,1,33.200
2014-08-03,4,4.400
2014-08-05,2,13.200
2014-08-13,8,5.400
2014-08-15,2,13.000
2014-08-16,1,1.600
2014-08-19,3,3.400
2014-08-23,4,5.200
2014-08-25,2,1.200
2014-08-31,6,10.600
2014-09-03,3,1.000
2014-09-04,1,0.800
2014-09-09,5,23.600
2014-09-10,1,11.000
2014-09-11,1,2.000
2014-09-12,1,1.200
2014-09-20,8,0.200
2014-10-01,11,6.600
2014-10-02,1,0.200
2014-10-07,5,2.200
2014-10-08,1,0.400
2014-10-09,1,9.000
2014-10-10,1,3.400
2014-10-11,1,0.200
2014-11-04,23,0.400
2014-11-05,1,29.600
2014-11-06,1,4.800
2014-11-09,3,0.800
2014-11-10,1,25.800
2014-11-11,1,9.200
2014-11-12,1,39.000
2014-11-13,1,15.400
2014-11-15,2,4.000
2014-11-17,2,13.400
2014-11-25,8,1.000
2014-11-26,1,8.200
2014-11-27,1,4.400
2014-11-28,1,7.800
2014-11-29,1,0.400
2014-11-30,1,8.200
2014-12-01,1,11.800
2014-12-02,1,0.400
2014-12-03,1,10.800
2014-12-04,1,1.400
2014-12-05,1,1.200
2014-12-06,1,0.600
2014-12-07,1,5.200
2014-12-09,2,0.400
2014-12-13,4,0.800
2014-12-14,1,0.200
2014-12-15,1,1.400
2014-12-16,1,15.800
2014-12-20,4,0.200
2014-12-23,3,0.200
2014-12-27,4,1.200
2014-12-28,1,4.200
2014-12-29,1,0.200
2015-01-16,18,20.800
2015-01-17,1,4.800
2015-01-21,4,4.000
2015-01-22,1,7.000
2015-01-23,1,0.200
2015-01-29,6,0.200
2015-01-30,1,2.800
2015-01-31,1,3.000
2015-02-01,1,1.200
2015-02-03,2,4.600
2015-02-04,1,1.800
2015-02-05,1,32.400
2015-02-06,1,21.400
2015-02-07,1,17.400
2015-02-08,1,5.600
2015-02-09,1,5.800
2015-02-10,1,3.800
2015-02-14,4,2.000
2015-02-15,1,5.000
2015-02-16,1,3.000
2015-02-21,5,5.000
2015-02-22,1,14.400
2015-02-24,2,39.000
2015-02-25,1,0.600
2015-03-04,7,12.000
2015-03-15,11,2.400
2015-03-16,1,9.400
2015-03-17,1,13.000
2015-03-21,4,2.000
2015-03-22,1,3.800
2015-03-24,2,1.600
2015-03-25,1,25.600
2015-03-26,1,7.000
2015-04-03,8,1.000
2015-04-04,1,3.400
2015-04-05,1,5.800
2015-04-17,12,2.600
2015-04-18,1,7.400
2015-04-25,7,0.200
2015-04-26,1,0.600
2015-04-27,1,31.400
2015-04-28,1,4.000
2015-04-29,1,2.200
2015-05-14,15,2.200
2015-05-15,1,18.600
2015-05-16,1,5.400
2015-05-21,5,3.000
2015-05-22,1,3.000
2015-05-23,1,1.800
2015-05-26,3,10.800
2015-05-27,1,0.800
2015-06-10,14,0.400
2015-06-12,2,36.000
2015-06-14,2,4.600
2015-06-17,3,0.800
2015-06-19,2,22.600
2015-06-22,3,0.200
2015-06-23,1,10.400
2015-08-01,39,0.800
2015-08-10,9,19.800
2015-09-05,26,0.400
2015-09-13,8,7.800
2015-09-20,7,3.800
2015-09-23,3,8.200
2015-09-24,1,0.600
2015-09-27,3,0.600
2015-10-01,4,1.000
2015-10-02,1,5.200
2015-10-03,1,0.600
2015-10-04,1,5.200
2015-10-05,1,5.400
2015-10-06,1,5.200
2015-10-12,6,1.000
2015-10-13,1,8.800
2015-10-14,1,9.200
2015-10-15,1,2.000
2015-10-16,1,0.600
2015-10-18,2,4.200
2015-10-19,1,1.600
2015-10-27,7,1.000
2015-10-28,1,30.400
2015-10-29,1,1.400
2015-11-03,5,0.400
2015-11-15,12,0.200
2015-11-21,6,21.400
2015-11-22,1,0.600
2015-11-23,1,2.800
2015-12-03,10,0.200
2015-12-04,1,0.200
2015-12-09,5,0.200
2015-12-10,1,0.200
2015-12-14,4,0.200
2015-12-15,1,0.400
2015-12-24,9,1.400
2015-12-27,3,0.200
2016-01-02,6,5.800
2016-01-03,1,4.000
2016-01-04,1,2.800
2016-01-05,1,1.200
2016-01-06,1,0.600
2016-01-07,1,0.400
2016-01-09,2,5.000
2016-01-14,5,12.600
2016-02-01,18,0.200
2016-02-03,2,4.000
2016-02-07,4,2.200
2016-02-08,1,1.600
2016-02-09,1,5.400
2016-02-12,3,13.800
2016-02-14,2,8.600
2016-02-15,1,16.000
2016-02-16,1,32.600
2016-02-17,1,12.600
2016-02-23,6,0.800
2016-02-24,1,1.000
2016-02-25,1,1.800
2016-02-26,1,0.200
2016-02-27,1,13.400
2016-02-28,1,22.400
2016-02-29,1,25.000
2016-03-02,2,9.400
2016-03-03,1,12.800
2016-03-05,2,11.400
2016-03-06,1,0.400
2016-03-08,2,27.800
2016-03-09,1,15.000
2016-03-11,2,0.200
2016-03-15,4,0.400
2016-03-16,1,2.400
2016-03-27,11,1.400
2016-03-28,1,0.600
2016-04-01,4,0.200
2016-04-09,8,0.600
2016-04-23,14,0.800
2016-04-24,1,16.200
2016-04-25,1,0.800
2016-04-30,5,15.800
2016-05-01,1,4.200
2016-05-02,1,5.600
2016-05-03,1,5.600
2016-05-09,6,0.800
2016-05-10,1,0.600
2016-05-11,1,18.000
2016-05-12,1,0.600
2016-05-13,1,3.200
2016-05-14,1,6.200
2016-05-19,5,24.400
2016-05-23,4,0.800
2016-05-29,6,9.200
2016-05-30,1,0.400
2016-06-06,7,0.200
2016-06-08,2,10.000
2016-06-09,1,5.000
2016-06-12,3,5.000
2016-07-13,31,0.200
2016-07-23,10,0.400
2016-07-27,4,0.400
2016-07-28,1,4.000
2016-07-31,3,0.800
2016-08-05,5,4.200
2016-08-10,5,7.400
2016-08-11,1,0.600
2016-08-17,6,0.200
2016-08-19,2,0.200
2016-08-20,1,15.600
2016-08-29,9,11.000
2016-09-15,17,1.800
2016-09-16,1,6.400
2016-09-17,1,33.000
2016-09-20,3,0.800
2016-09-21,1,0.200
2016-10-01,10,3.200
2016-10-05,4,3.200
2016-10-09,4,1.800
2016-10-10,1,5.400
2016-10-13,3,1.000
2016-10-14,1,34.000
2016-10-15,1,0.200
2016-10-17,2,2.400
2016-10-19,2,5.800
2016-10-20,1,5.400
2016-10-23,3,3.000
2016-10-24,1,5.800
2016-10-25,1,0.600
2016-10-26,1,1.800
2016-10-31,4,0.200
2016-11-05,5,12.200
2016-11-06,1,0.600
2016-11-09,3,0.600
2016-11-11,2,1.200
2016-11-14,3,0.400
2016-11-18,4,1.600
2016-11-19,1,6.000
2016-11-21,2,0.200
2016-11-22,1,0.600
2016-11-23,1,0.800
2016-11-24,1,3.200
2016-11-25,1,3.800
2016-11-28,3,1.600
2016-12-08,10,0.200
2016-12-11,3,0.200
2016-12-13,2,0.200
2016-12-17,4,0.200
2016-12-19,2,0.600
2016-12-20,1,10.800
2016-12-21,1,1.200
2017-02-02,43,1.000
2017-02-03,1,4.200
2017-02-04,1,3.000
2017-02-05,1,33.000
2017-02-06,1,13.200
2017-02-24,18,0.600
2017-02-28,4,0.200
2017-03-01,1,0.200
2017-03-04,3,4.200
2017-03-06,2,0.200
2017-03-23,17,0.200
2017-03-24,1,1.000
2017-03-25,1,5.000
